File,Location,Last Run 1,Last Run 2,Last Run 3,Last Run 4,Last Run 5,Last Run 6,Last Run 7,Last Run 8,Run Count,Volume Type,Volume Serial,User,MAC Address
AM_BASE_PATCH1,C:\Users\dmk16\Documents\Prefetch_Results\AM_BASE_PATCH1.csv,2018-04-20 20:02:42.770844,,,,,,,,0
AM_DELTA,C:\Users\dmk16\Documents\Prefetch_Results\AM_DELTA.csv,2018-04-20 20:02:44.248470,,,,,,,,0
AM_DELTA_PATCH_1.265.647.,C:\Users\dmk16\Documents\Prefetch_Results\AM_DELTA_PATCH_1.265.647..csv,2018-04-15 19:21:00.863042,,,,,,,,0
AM_DELTA_PATCH_1.265.701.,C:\Users\dmk16\Documents\Prefetch_Results\AM_DELTA_PATCH_1.265.701..csv,2018-04-16 20:44:48.611776,,,,,,,,0
AM_DELTA_PATCH_1.265.768.,C:\Users\dmk16\Documents\Prefetch_Results\AM_DELTA_PATCH_1.265.768..csv,2018-04-17 19:36:24.557452,,,,,,,,0
AM_DELTA_PATCH_1.265.813.,C:\Users\dmk16\Documents\Prefetch_Results\AM_DELTA_PATCH_1.265.813..csv,2018-04-17 21:41:17.022522,,,,,,,,0
AM_DELTA_PATCH_1.265.826.,C:\Users\dmk16\Documents\Prefetch_Results\AM_DELTA_PATCH_1.265.826..csv,2018-04-18 22:37:23.353484,,,,,,,,0
AM_ENGINE_PATCH_1.1.14700,C:\Users\dmk16\Documents\Prefetch_Results\AM_ENGINE_PATCH_1.1.14700.csv,2018-04-20 20:02:40.056684,,,,,,,,0
ANJPV3.11.07_FE,C:\Users\dmk16\Documents\Prefetch_Results\ANJPV3.11.07_FE.csv,2018-04-06 16:49:08.529072,,,,,,,,0
APPLICATIONFRAMEHOST,C:\Users\dmk16\Documents\Prefetch_Results\APPLICATIONFRAMEHOST.csv,2018-04-18 22:36:39.695988,2018-04-17 21:38:32.108868,2018-04-02 12:13:42.395524,2018-03-31 16:40:37.478892,2018-03-11 12:05:10.573914,2018-03-10 20:37:08.714350,2018-03-10 20:23:38.725540,2018-03-03 18:23:26.671984,0
AUDIODG,C:\Users\dmk16\Documents\Prefetch_Results\AUDIODG.csv,2018-04-19 19:30:30.983660,2018-04-19 19:11:45.267500,2018-04-18 23:59:43.174730,2018-04-18 23:09:24.055652,2018-04-18 23:04:21.076662,2018-04-18 19:52:03.334364,2018-04-18 19:39:10.972474,2018-04-17 23:25:04.536068,0
AUTOPSY64,C:\Users\dmk16\Documents\Prefetch_Results\AUTOPSY64.csv,2018-04-16 21:25:02.235276,2018-04-16 21:18:28.658330,,,,,,,0
BACKGROUNDTASKHOST,C:\Users\dmk16\Documents\Prefetch_Results\BACKGROUNDTASKHOST.csv,2018-04-20 20:11:51.941484,2018-04-18 23:04:20.356976,2018-04-16 21:14:18.045194,,,,,,0
BASH,C:\Users\dmk16\Documents\Prefetch_Results\BASH.csv,2018-04-18 19:58:21.699548,2018-04-18 19:58:21.741726,2018-04-18 19:58:21.735838,2018-04-17 23:40:26.384016,2018-04-17 23:29:09.021456,2018-04-17 23:29:09.056676,2018-04-15 16:57:57.269112,2018-04-15 16:57:57.538540,0
BDEUISRV,C:\Users\dmk16\Documents\Prefetch_Results\BDEUISRV.csv,2018-04-18 22:36:59.325642,,,,,,,,0
BROWSER_BROKER,C:\Users\dmk16\Documents\Prefetch_Results\BROWSER_BROKER.csv,2018-04-18 19:46:55.281834,,,,,,,,0
CHROME,C:\Users\dmk16\Documents\Prefetch_Results\CHROME.csv,2018-04-21 12:46:28.239732,2018-04-21 12:42:21.573726,2018-04-20 20:06:47.184070,2018-04-20 20:04:30.868258,2018-04-19 19:30:30.982658,2018-04-19 19:02:13.483094,2018-04-18 23:55:11.851772,2018-04-18 23:49:38.093484,0
CHXSMARTSCREEN,C:\Users\dmk16\Documents\Prefetch_Results\CHXSMARTSCREEN.csv,2018-04-05 16:50:03.424614,2018-03-21 21:21:44.217086,,,,,,,0
CL,C:\Users\dmk16\Documents\Prefetch_Results\CL.csv,2018-04-20 22:01:51.141136,,,,,,,,0
CMD,C:\Users\dmk16\Documents\Prefetch_Results\CMD.csv,2018-04-21 12:37:22.387972,2018-04-20 21:40:17.882780,2018-04-20 21:20:46.759260,2018-04-18 22:37:49.676836,2018-04-18 19:39:13.473452,2018-04-17 22:41:38.483448,2018-04-16 20:35:45.500052,2018-04-15 16:53:07.108996,0
COMPATTELRUNNER,C:\Users\dmk16\Documents\Prefetch_Results\COMPATTELRUNNER.csv,2018-04-17 19:43:44.074662,2018-04-14 21:49:23.328022,,,,,,,0
CONHOST,C:\Users\dmk16\Documents\Prefetch_Results\CONHOST.csv,2018-04-21 12:37:22.403602,2018-04-20 22:04:24.941266,2018-04-20 21:48:21.713790,2018-04-20 21:40:17.896810,2018-04-20 21:20:46.766278,2018-04-20 20:02:36.305528,2018-04-20 20:02:36.271606,2018-04-18 23:25:08.010822,0
CONSENT,C:\Users\dmk16\Documents\Prefetch_Results\CONSENT.csv,2018-04-21 12:37:20.099214,2018-04-20 21:48:53.850920,2018-04-20 21:40:15.200812,2018-04-20 21:27:21.709254,2018-04-20 21:20:44.690044,2018-04-18 23:09:23.853246,2018-04-18 22:37:46.972972,2018-04-18 19:39:10.782198,0
CONTROL,C:\Users\dmk16\Documents\Prefetch_Results\CONTROL.csv,2018-04-20 21:27:17.980128,,,,,,,,0
CREDENTIALUIBROKER,C:\Users\dmk16\Documents\Prefetch_Results\CREDENTIALUIBROKER.csv,2018-01-28 01:50:06.102404,2018-01-28 01:49:00.209220,,,,,,,0
CTFMON,C:\Users\dmk16\Documents\Prefetch_Results\CTFMON.csv,2018-04-18 22:35:41.651842,2018-04-17 21:35:01.433576,2018-03-31 20:25:43.846960,2018-03-30 21:22:40.507506,2018-03-10 20:57:58.707856,2018-03-10 20:50:17.219284,2018-03-10 20:35:20.764286,2018-03-10 20:31:32.299816,0
CURL,C:\Users\dmk16\Documents\Prefetch_Results\CURL.csv,2018-04-18 19:51:40.995830,2018-04-17 23:24:41.811472,2018-04-15 16:54:16.718002,,,,,,0
CUT,C:\Users\dmk16\Documents\Prefetch_Results\CUT.csv,2018-04-18 19:58:22.284702,2018-04-17 23:40:26.892574,2018-04-17 23:29:09.657002,2018-04-15 16:57:57.895436,,,,,0
CVTRES,C:\Users\dmk16\Documents\Prefetch_Results\CVTRES.csv,2018-04-20 22:01:52.542866,,,,,,,,0
CYGWIN-CONSOLE-HELPER,C:\Users\dmk16\Documents\Prefetch_Results\CYGWIN-CONSOLE-HELPER.csv,2018-04-18 19:58:21.601572,2018-04-17 23:40:26.330434,2018-04-17 23:29:08.919876,2018-04-15 16:57:57.173532,,,,,0
DEFRAG,C:\Users\dmk16\Documents\Prefetch_Results\DEFRAG.csv,2018-04-17 21:46:41.327282,,,,,,,,0
DEVENV,C:\Users\dmk16\Documents\Prefetch_Results\DEVENV.csv,2018-04-21 12:39:02.451932,2018-04-20 21:48:56.464870,2018-04-18 23:09:26.038540,2018-04-17 22:43:12.196692,,,,,0
DEVICEPAIRINGWIZARD,C:\Users\dmk16\Documents\Prefetch_Results\DEVICEPAIRINGWIZARD.csv,2018-02-09 22:11:46.919472,,,,,,,,0
DEVICEPROPERTIES,C:\Users\dmk16\Documents\Prefetch_Results\DEVICEPROPERTIES.csv,2018-01-28 02:53:08.700132,,,,,,,,0
DFRGUI,C:\Users\dmk16\Documents\Prefetch_Results\DFRGUI.csv,2018-03-17 21:41:54.649542,2018-03-17 21:41:48.881654,2018-03-17 21:41:25.111630,,,,,,0
DISCORD,C:\Users\dmk16\Documents\Prefetch_Results\DISCORD.csv,2018-04-18 22:36:31.978860,2018-04-17 21:36:32.585626,,,,,,,0
DLLHOST,C:\Users\dmk16\Documents\Prefetch_Results\DLLHOST.csv,2018-03-17 20:13:44.957856,2018-03-16 21:34:59.032220,,,,,,,0
DOLBYDAX2DESKTOPUI,C:\Users\dmk16\Documents\Prefetch_Results\DOLBYDAX2DESKTOPUI.csv,2018-01-28 03:32:55.370180,,,,,,,,0
DOTNET-SDK-2.1.4-WIN-X64,C:\Users\dmk16\Documents\Prefetch_Results\DOTNET-SDK-2.1.4-WIN-X64.csv,2018-01-28 02:41:59.560432,,,,,,,,0
ESIF_ASSIST_64,C:\Users\dmk16\Documents\Prefetch_Results\ESIF_ASSIST_64.csv,2018-04-18 22:35:41.761234,2018-04-18 22:35:41.745602,2018-04-18 22:35:41.683094,2018-04-17 21:35:01.778496,2018-04-17 21:35:01.766966,2018-04-17 21:35:01.755936,2018-04-17 21:35:01.743904,2018-04-17 21:35:01.730368,0
EXCEL,C:\Users\dmk16\Documents\Prefetch_Results\EXCEL.csv,2018-04-18 23:10:09.180780,2018-04-06 20:08:38.148028,2018-04-06 18:50:51.499644,2018-04-05 19:43:30.789772,2018-04-02 17:01:13.285294,2018-04-02 16:52:13.534524,2018-04-02 16:48:59.239126,2018-04-02 16:46:10.675220,0
EXPLORER,C:\Users\dmk16\Documents\Prefetch_Results\EXPLORER.csv,2018-03-16 21:27:39.752392,2018-03-16 21:27:39.673180,2018-03-11 20:31:15.873586,2018-03-11 20:31:15.812300,2018-03-10 20:36:57.074504,2018-01-28 03:04:41.986696,2018-01-28 03:04:41.949866,2018-01-28 01:55:44.169386,0
FIRSTLOGONANIM,C:\Users\dmk16\Documents\Prefetch_Results\FIRSTLOGONANIM.csv,2018-01-28 01:51:42.106828,,,,,,,,0
FMAPP,C:\Users\dmk16\Documents\Prefetch_Results\FMAPP.csv,2018-04-21 12:37:20.349240,2018-04-20 22:22:35.207544,2018-04-20 20:04:36.614728,2018-04-20 19:59:41.162292,2018-04-19 19:30:31.083180,2018-04-19 19:11:45.355380,2018-04-18 23:59:43.242408,2018-04-18 23:59:48.696564,0
FSUTIL,C:\Users\dmk16\Documents\Prefetch_Results\FSUTIL.csv,2018-04-21 12:39:04.618212,2018-04-21 12:39:04.597220,2018-04-20 21:48:59.825812,2018-04-18 23:09:28.389484,2018-04-17 22:43:15.211752,2018-04-17 22:43:15.216486,2018-04-17 22:43:15.209746,,0
GIT-2.16.1.4-64-BIT,C:\Users\dmk16\Documents\Prefetch_Results\GIT-2.16.1.4-64-BIT.csv,2018-02-15 00:26:40.599522,,,,,,,,0
GIT-BASH,C:\Users\dmk16\Documents\Prefetch_Results\GIT-BASH.csv,2018-04-18 19:58:21.485350,2018-04-17 23:40:26.242858,2018-04-17 23:29:08.794280,2018-04-15 16:57:57.013168,,,,,0
GIT-CREDENTIAL-MANAGER,C:\Users\dmk16\Documents\Prefetch_Results\GIT-CREDENTIAL-MANAGER.csv,2018-04-18 20:54:10.929946,2018-04-17 23:51:49.830332,2018-04-15 19:46:28.506894,2018-04-15 17:08:10.672808,2018-04-11 20:55:11.975666,2018-04-11 20:20:19.515818,2018-04-07 13:14:49.892472,2018-04-05 11:31:45.214764,0
GIT-REMOTE-HTTPS,C:\Users\dmk16\Documents\Prefetch_Results\GIT-REMOTE-HTTPS.csv,2018-04-18 23:05:36.218916,2018-04-18 22:56:47.134972,2018-04-18 22:53:28.554320,2018-04-18 20:53:56.737418,2018-04-18 20:02:42.423180,2018-04-18 20:01:48.472054,2018-04-18 19:55:29.511942,2018-04-17 23:51:49.438122,0
GIT-UPLOAD-PACK,C:\Users\dmk16\Documents\Prefetch_Results\GIT-UPLOAD-PACK.csv,2018-04-18 20:01:42.852028,,,,,,,,0
GIT,C:\Users\dmk16\Documents\Prefetch_Results\GIT.csv,2018-04-21 12:39:05.650604,2018-04-20 21:48:21.683710,2018-04-18 23:25:08.007814,2018-04-18 23:15:15.660732,2018-04-18 23:09:38.324780,2018-04-18 23:09:38.203068,2018-04-18 23:09:38.134348,2018-04-18 23:09:37.926664,0
GITHUBDESKTOP,C:\Users\dmk16\Documents\Prefetch_Results\GITHUBDESKTOP.csv,2018-03-04 00:25:41.227940,2018-02-27 23:41:23.700604,2018-02-27 23:41:23.532360,2018-02-27 23:40:38.973834,2018-02-27 23:40:38.777166,2018-02-27 23:40:18.549482,2018-02-27 23:36:16.697158,2018-02-27 21:25:56.901492,0
GOOGLEUPDATE,C:\Users\dmk16\Documents\Prefetch_Results\GOOGLEUPDATE.csv,2018-01-28 02:23:39.315326,,,,,,,,0
HOSTNAME,C:\Users\dmk16\Documents\Prefetch_Results\HOSTNAME.csv,2018-04-18 19:58:21.776910,2018-04-17 23:40:26.456508,2018-04-17 23:29:09.112642,2018-04-15 16:57:57.360212,,,,,0
ICACLS,C:\Users\dmk16\Documents\Prefetch_Results\ICACLS.csv,2018-04-16 21:18:29.228000,,,,,,,,0
IEXPLORE,C:\Users\dmk16\Documents\Prefetch_Results\IEXPLORE.csv,2018-04-20 20:09:58.477300,2018-04-14 19:27:59.657796,2018-04-12 22:40:57.722586,2018-04-06 22:42:35.082738,2018-04-06 21:54:23.294718,2018-04-05 10:54:40.087652,2018-03-25 17:44:27.032734,2018-03-25 12:27:12.125974,0
IGFXTRAY,C:\Users\dmk16\Documents\Prefetch_Results\IGFXTRAY.csv,2018-04-21 12:59:49.238142,2018-04-17 22:41:17.666844,2018-04-17 22:40:38.099846,2018-04-17 21:51:29.631652,2018-04-16 21:56:51.829418,2018-04-16 21:06:55.324392,2018-04-16 21:03:41.510874,2018-04-16 21:02:46.267348,0
INDIGO STUDIO,C:\Users\dmk16\Documents\Prefetch_Results\INDIGO STUDIO.csv,2018-04-02 11:39:30.421364,2018-04-02 11:38:03.024396,2018-03-30 21:17:38.784132,2018-03-26 22:40:18.234226,2018-03-26 21:56:56.201648,2018-03-18 22:15:07.295398,2018-03-18 20:20:21.676932,2018-03-16 21:36:58.853526,0
INSTALL,C:\Users\dmk16\Documents\Prefetch_Results\INSTALL.csv,2018-03-16 21:35:55.728978,,,,,,,,0
JAVA,C:\Users\dmk16\Documents\Prefetch_Results\JAVA.csv,2018-04-16 22:03:18.467206,2018-04-16 22:02:00.519268,2018-04-16 21:24:48.652868,,,,,,0
LESS,C:\Users\dmk16\Documents\Prefetch_Results\LESS.csv,2018-04-21 12:38:37.977632,2018-04-18 23:05:24.216124,2018-04-18 22:53:22.838616,2018-04-18 20:01:54.955316,2018-04-18 20:00:25.551798,2018-04-18 19:55:13.035268,2018-04-17 23:52:24.814972,2018-04-17 22:42:14.056580,0
LINK,C:\Users\dmk16\Documents\Prefetch_Results\LINK.csv,2018-04-20 22:01:52.274148,,,,,,,,0
LOCALE,C:\Users\dmk16\Documents\Prefetch_Results\LOCALE.csv,2018-04-18 19:58:22.180856,2018-04-17 23:40:26.808330,2018-04-17 23:29:09.503684,2018-04-15 16:57:57.742512,,,,,0
LOCKAPP,C:\Users\dmk16\Documents\Prefetch_Results\LOCKAPP.csv,2018-04-19 19:02:00.688176,2018-04-17 22:40:38.267326,2018-04-02 13:05:12.103556,2018-03-31 15:56:16.719304,2018-03-11 12:00:25.465476,2018-03-03 17:18:47.316864,2018-02-15 21:55:26.436132,2018-01-28 02:22:08.372026,0
LOGFILEPARSER64,C:\Users\dmk16\Documents\Prefetch_Results\LOGFILEPARSER64.csv,2018-04-05 18:38:26.915434,2018-04-05 16:50:10.296156,,,,,,,0
LOGONUI,C:\Users\dmk16\Documents\Prefetch_Results\LOGONUI.csv,2018-04-20 22:23:14.847628,2018-04-19 19:33:53.420352,2018-04-19 00:08:22.898502,2018-04-18 20:59:39.679244,2018-04-18 19:44:05.991080,2018-04-18 01:56:57.136844,2018-04-17 23:54:25.891336,2018-04-17 23:06:01.702060,0
MICROSOFT.PHOTOS,C:\Users\dmk16\Documents\Prefetch_Results\MICROSOFT.PHOTOS.csv,2018-01-28 03:21:19.227170,,,,,,,,0
MICROSOFT.PYTHONTOOLS.ANA,C:\Users\dmk16\Documents\Prefetch_Results\MICROSOFT.PYTHONTOOLS.ANA.csv,2018-04-21 12:39:15.641204,2018-04-20 22:04:27.051440,2018-04-20 22:04:26.252302,2018-04-20 21:49:13.945626,2018-04-20 21:49:16.116400,2018-04-20 21:48:23.062376,2018-04-20 21:41:45.916432,2018-04-18 23:09:35.880542,0
MICROSOFTEDGE,C:\Users\dmk16\Documents\Prefetch_Results\MICROSOFTEDGE.csv,2018-01-28 02:22:39.388202,,,,,,,,0
MICROSOFTEDGECP,C:\Users\dmk16\Documents\Prefetch_Results\MICROSOFTEDGECP.csv,2018-01-28 02:23:13.977908,2018-01-28 02:23:12.568368,2018-01-28 02:22:50.012054,2018-01-28 02:22:39.763234,2018-01-28 02:22:39.653846,2018-01-28 01:52:03.245404,2018-01-28 01:52:02.609860,2018-01-28 01:52:02.436550,0
MINTTY,C:\Users\dmk16\Documents\Prefetch_Results\MINTTY.csv,2018-04-18 19:58:21.514364,2018-04-18 19:58:21.639856,2018-04-17 23:40:26.254804,2018-04-17 23:29:08.828568,2018-04-17 23:29:08.956688,2018-04-15 16:57:57.043590,2018-04-15 16:57:57.208224,2018-04-11 20:14:38.965864,0
MMC,C:\Users\dmk16\Documents\Prefetch_Results\MMC.csv,2018-01-28 02:56:18.603666,,,,,,,,0
MPCMDRUN,C:\Users\dmk16\Documents\Prefetch_Results\MPCMDRUN.csv,2018-04-20 20:07:29.119854,2018-04-18 22:46:13.547588,2018-04-18 22:46:13.519304,2018-04-18 22:46:13.534334,2018-04-18 22:46:13.437420,2018-04-17 21:46:02.944724,2018-04-17 21:46:02.956768,2018-04-17 21:46:02.934698,0
MPSIGSTUB,C:\Users\dmk16\Documents\Prefetch_Results\MPSIGSTUB.csv,2018-04-20 20:02:40.089140,2018-04-18 22:37:23.378028,2018-04-17 21:41:17.048916,2018-04-17 19:36:24.582020,2018-04-16 20:44:48.636968,2018-04-15 19:21:00.894388,,,0
MSASCUIL,C:\Users\dmk16\Documents\Prefetch_Results\MSASCUIL.csv,2018-04-17 21:36:23.645014,,,,,,,,0
MSCORSVW,C:\Users\dmk16\Documents\Prefetch_Results\MSCORSVW.csv,2018-04-20 22:05:11.002242,2018-04-20 22:05:10.763276,2018-04-20 21:49:09.848858,2018-04-20 21:49:08.092686,2018-04-20 21:49:06.415224,2018-04-20 21:49:04.356248,,,0
MSDT,C:\Users\dmk16\Documents\Prefetch_Results\MSDT.csv,2018-03-03 19:28:47.380460,2018-03-03 17:11:44.471108,2018-03-03 17:02:59.451604,,,,,,0
MSIEXEC,C:\Users\dmk16\Documents\Prefetch_Results\MSIEXEC.csv,2018-04-16 21:17:29.810896,2018-04-16 21:16:41.014918,,,,,,,0
MSVSMON,C:\Users\dmk16\Documents\Prefetch_Results\MSVSMON.csv,2018-04-18 23:25:08.046100,2018-04-18 23:15:15.756468,2018-04-18 23:09:41.548356,2018-04-17 22:47:21.810262,2018-04-17 22:43:53.026206,2018-04-15 00:02:29.989788,2018-04-14 23:52:36.716756,2018-04-14 23:31:02.859318,0
NET,C:\Users\dmk16\Documents\Prefetch_Results\NET.csv,2018-04-16 21:34:03.790714,2018-04-16 21:25:23.878442,2018-04-16 21:25:23.837332,2018-04-16 21:25:23.798466,2018-04-16 21:25:23.759122,2018-04-16 21:25:23.716548,2018-04-16 21:23:46.703192,2018-04-16 21:23:46.652058,0
NGEN,C:\Users\dmk16\Documents\Prefetch_Results\NGEN.csv,2018-04-17 19:43:49.104838,2018-04-17 19:43:48.985012,2018-04-17 19:43:48.811040,2018-04-17 19:43:48.640584,2018-04-17 19:43:48.431018,2018-04-17 19:43:48.216438,2018-04-17 19:43:48.112154,2018-04-17 19:43:47.727110,0
NGENTASK,C:\Users\dmk16\Documents\Prefetch_Results\NGENTASK.csv,2018-04-17 19:43:49.467804,,,,,,,,0
NOTEPAD,C:\Users\dmk16\Documents\Prefetch_Results\NOTEPAD.csv,2018-04-21 13:06:21.631088,2018-04-20 21:23:32.394990,2018-04-11 08:03:04.598596,2018-04-07 13:13:24.186252,2018-04-06 21:05:01.926566,2018-04-06 21:02:14.431280,2018-04-06 20:55:22.112478,2018-04-06 20:49:00.290278,0
NTFS_FILE_EXTRACTOR64,C:\Users\dmk16\Documents\Prefetch_Results\NTFS_FILE_EXTRACTOR64.csv,2018-04-06 13:09:50.253148,2018-04-06 13:09:45.647206,2018-04-06 13:07:42.180276,2018-04-06 13:07:37.443752,2018-04-05 18:26:51.634960,2018-04-05 18:26:48.347320,2018-04-05 17:16:49.752470,2018-04-05 17:16:44.694428,0
OFFICEC2RCLIENT,C:\Users\dmk16\Documents\Prefetch_Results\OFFICEC2RCLIENT.csv,2018-02-09 21:17:49.166244,2018-01-28 02:28:00.569682,,,,,,,0
OFFICECLICKTORUN,C:\Users\dmk16\Documents\Prefetch_Results\OFFICECLICKTORUN.csv,2018-04-20 20:02:37.937366,2018-04-18 22:41:42.415936,2018-04-17 21:41:39.549426,2018-04-16 20:38:13.558812,2018-04-16 20:38:12.395634,,,,0
OOBENETWORKCONNECTIONFLOW,C:\Users\dmk16\Documents\Prefetch_Results\OOBENETWORKCONNECTIONFLOW.csv,2018-01-28 01:46:54.086854,,,,,,,,0
Op-EXPLORER.EXE-D5E9,C:\Users\dmk16\Documents\Prefetch_Results\Op-EXPLORER.EXE-D5E9.csv,2018-03-21 21:41:42.675916,2018-03-18 02:12:40.306824,2018-03-16 21:34:50.484618,2018-03-16 21:19:43.635094,2018-01-28 02:55:22.121404,2018-01-28 02:52:24.703742,,,0
OPENWITH,C:\Users\dmk16\Documents\Prefetch_Results\OPENWITH.csv,2018-04-20 21:23:29.010124,2018-04-07 13:13:19.420308,2018-04-06 14:31:12.002820,2018-04-06 14:06:42.809092,2018-04-05 18:46:56.591514,2018-04-05 18:35:17.182052,2018-03-13 00:49:06.001716,2018-03-10 17:20:58.804640,0
OUTLOOK,C:\Users\dmk16\Documents\Prefetch_Results\OUTLOOK.csv,2018-04-20 20:09:53.360050,2018-04-14 19:27:50.465164,2018-04-12 22:40:53.291242,2018-04-06 22:42:29.350716,2018-04-06 21:54:18.378098,2018-03-25 17:44:23.106436,2018-03-25 13:43:38.737590,2018-03-25 12:27:08.519216,0
PDFREFLOW,C:\Users\dmk16\Documents\Prefetch_Results\PDFREFLOW.csv,2018-03-25 19:31:22.736230,2018-03-25 19:31:22.174786,,,,,,,0
PERFWATSON2,C:\Users\dmk16\Documents\Prefetch_Results\PERFWATSON2.csv,2018-04-21 12:39:03.618976,2018-04-20 21:48:57.963356,2018-04-18 23:09:27.199278,2018-04-17 22:43:13.989996,,,,,0
PICKERHOST,C:\Users\dmk16\Documents\Prefetch_Results\PICKERHOST.csv,2018-03-03 19:30:20.196692,2018-03-03 17:08:38.614406,2018-03-03 15:34:14.743384,2018-01-28 03:28:26.810316,2018-01-28 03:28:25.187712,2018-01-28 03:28:20.662796,2018-01-28 03:28:14.658534,,0
PLUGIN_HOST,C:\Users\dmk16\Documents\Prefetch_Results\PLUGIN_HOST.csv,2018-04-18 20:07:21.258666,2018-04-17 23:30:35.123156,2018-04-15 17:05:40.611060,,,,,,0
POQEXEC,C:\Users\dmk16\Documents\Prefetch_Results\POQEXEC.csv,2018-04-17 21:35:11.210956,,,,,,,,0
POWERPNT,C:\Users\dmk16\Documents\Prefetch_Results\POWERPNT.csv,2018-04-16 20:57:08.817338,2018-02-16 22:21:58.695756,2018-02-15 22:47:24.262006,2018-02-15 22:24:06.098560,2018-02-15 22:24:07.357728,2018-02-15 21:58:20.480558,2018-02-09 22:02:02.825824,2018-02-09 22:02:02.262298,0
PRINTISOLATIONHOST,C:\Users\dmk16\Documents\Prefetch_Results\PRINTISOLATIONHOST.csv,2018-04-17 21:37:57.964246,,,,,,,,0
PY,C:\Users\dmk16\Documents\Prefetch_Results\PY.csv,2018-04-21 13:08:17.513770,2018-04-21 13:06:59.915284,2018-04-21 13:05:23.236932,2018-04-21 13:05:09.410806,2018-04-21 13:05:01.002140,2018-04-21 13:04:04.755186,,,0
PYTHON-3.6.3-AMD64,C:\Users\dmk16\Documents\Prefetch_Results\PYTHON-3.6.3-AMD64.csv,2018-01-28 02:59:17.786798,,,,,,,,0
PYTHON,C:\Users\dmk16\Documents\Prefetch_Results\PYTHON.csv,2018-04-21 13:04:04.773486,2018-04-21 12:39:15.471226,2018-04-20 22:04:24.939260,2018-04-20 21:59:35.853170,2018-04-20 21:49:13.515482,2018-04-20 21:40:21.286308,2018-04-18 23:25:08.073290,2018-04-18 23:15:15.775516,0
RAVBG64,C:\Users\dmk16\Documents\Prefetch_Results\RAVBG64.csv,2018-04-17 21:36:25.550980,2018-04-17 21:36:25.124012,2018-04-17 21:36:24.676612,,,,,,0
RAVCPL64,C:\Users\dmk16\Documents\Prefetch_Results\RAVCPL64.csv,2018-04-17 21:36:24.098444,,,,,,,,0
RC,C:\Users\dmk16\Documents\Prefetch_Results\RC.csv,2018-04-20 22:01:52.473180,,,,,,,,0
REG,C:\Users\dmk16\Documents\Prefetch_Results\REG.csv,2018-04-20 22:01:50.269818,2018-04-20 22:01:50.253776,2018-04-20 22:01:50.229212,2018-04-20 22:01:50.214170,2018-04-20 22:01:50.199632,2018-04-20 22:01:50.184592,2018-04-20 22:01:50.163536,2018-04-20 22:01:50.146992,0
REGEDIT,C:\Users\dmk16\Documents\Prefetch_Results\REGEDIT.csv,2018-04-08 20:02:50.679124,2018-04-02 14:13:28.754674,2018-03-12 00:47:22.481748,2018-03-11 15:48:50.444888,2018-03-11 12:28:16.360756,2018-03-10 20:51:52.854566,2018-03-10 20:50:49.093508,2018-03-10 20:46:47.403260,0
REGSVR32,C:\Users\dmk16\Documents\Prefetch_Results\REGSVR32.csv,2018-04-17 21:37:55.190438,,,,,,,,0
RUBY,C:\Users\dmk16\Documents\Prefetch_Results\RUBY.csv,2018-04-18 20:58:46.007644,2018-04-18 20:03:34.929664,2018-04-18 19:58:22.343578,2018-04-18 19:55:43.492576,2018-04-18 19:51:33.664770,2018-04-17 23:49:38.944756,2018-04-17 23:40:26.955226,2018-04-17 23:29:09.707330,0
RUNDLL32,C:\Users\dmk16\Documents\Prefetch_Results\RUNDLL32.csv,2018-04-18 23:09:58.327690,,,,,,,,0
RUNTIMEBROKER,C:\Users\dmk16\Documents\Prefetch_Results\RUNTIMEBROKER.csv,2018-04-18 19:46:55.565540,,,,,,,,0
SCHTASKS,C:\Users\dmk16\Documents\Prefetch_Results\SCHTASKS.csv,2018-04-20 20:02:36.302520,2018-04-20 20:02:36.265016,2018-04-18 22:41:42.173860,2018-04-18 22:41:42.149860,2018-04-18 22:41:42.116108,2018-04-17 21:41:39.256646,2018-04-17 21:41:39.234588,2018-04-17 21:41:39.203508,0
SDCLT,C:\Users\dmk16\Documents\Prefetch_Results\SDCLT.csv,2018-03-18 02:16:11.412904,2018-03-18 02:14:25.998430,2018-03-18 02:13:10.601234,2018-03-17 20:07:29.924034,2018-03-17 20:07:26.596780,2018-03-17 20:06:33.186348,2018-03-16 21:20:59.825276,2018-03-16 21:20:10.680632,0
SDIAGNHOST,C:\Users\dmk16\Documents\Prefetch_Results\SDIAGNHOST.csv,2018-04-17 21:23:52.174276,,,,,,,,0
SEARCHFILTERHOST,C:\Users\dmk16\Documents\Prefetch_Results\SEARCHFILTERHOST.csv,2018-04-21 13:07:23.097832,2018-04-21 12:52:23.081404,2018-04-21 12:49:06.180306,2018-04-21 12:44:06.167422,2018-04-21 12:36:08.032634,2018-04-20 22:09:35.286454,2018-04-20 22:04:58.426898,2018-04-20 22:00:19.242132,0
SEARCHPROTOCOLHOST,C:\Users\dmk16\Documents\Prefetch_Results\SEARCHPROTOCOLHOST.csv,2018-04-21 13:07:23.062514,2018-04-21 12:52:23.038168,2018-04-21 12:49:06.164308,2018-04-21 12:44:06.148346,2018-04-21 12:36:07.860736,2018-04-20 22:09:35.273310,2018-04-20 22:04:58.409348,2018-04-20 22:00:19.215562,0
SEARCHUI,C:\Users\dmk16\Documents\Prefetch_Results\SEARCHUI.csv,2018-04-17 21:36:12.439052,2018-04-02 11:30:24.473320,2018-01-28 02:02:30.405646,2018-01-28 01:54:04.985368,,,,,0
SECHEALTHUI,C:\Users\dmk16\Documents\Prefetch_Results\SECHEALTHUI.csv,2018-03-03 19:30:21.424016,2018-02-17 21:43:10.072332,,,,,,,0
SERVICEHUB.HOST.CLR.X86,C:\Users\dmk16\Documents\Prefetch_Results\SERVICEHUB.HOST.CLR.X86.csv,2018-04-21 12:39:11.861468,2018-04-20 21:49:21.594472,2018-04-18 23:09:39.089936,2018-04-17 22:43:23.073842,,,,,0
SERVICEHUB.HOST.NODE.X86,C:\Users\dmk16\Documents\Prefetch_Results\SERVICEHUB.HOST.NODE.X86.csv,2018-04-21 12:39:04.107092,2018-04-21 12:39:04.107092,2018-04-20 21:48:58.581500,2018-04-20 21:48:58.580998,2018-04-18 23:09:27.679146,2018-04-18 23:09:27.679146,2018-04-17 22:43:14.477686,2018-04-17 22:43:14.485346,0
SERVICEHUB.IDENTITYHOST,C:\Users\dmk16\Documents\Prefetch_Results\SERVICEHUB.IDENTITYHOST.csv,2018-04-21 12:39:04.703740,2018-04-20 21:49:00.020828,2018-04-17 22:43:15.308812,,,,,,0
SERVICEHUB.SETTINGSHOST,C:\Users\dmk16\Documents\Prefetch_Results\SERVICEHUB.SETTINGSHOST.csv,2018-04-21 12:39:10.645116,2018-04-20 21:49:10.426894,2018-04-18 23:09:31.590474,2018-04-17 22:43:18.567856,,,,,0
SERVICEHUB.VSDETOUREDHOST,C:\Users\dmk16\Documents\Prefetch_Results\SERVICEHUB.VSDETOUREDHOST.csv,2018-04-17 22:43:18.822388,,,,,,,,0
SETTINGSYNCHOST,C:\Users\dmk16\Documents\Prefetch_Results\SETTINGSYNCHOST.csv,2018-04-17 21:36:13.765926,,,,,,,,0
SETUP.X64.EN-US_PROPLUSRE,C:\Users\dmk16\Documents\Prefetch_Results\SETUP.X64.EN-US_PROPLUSRE.csv,2018-01-28 02:27:40.868208,2018-01-28 02:27:37.898602,,,,,,,0
SH,C:\Users\dmk16\Documents\Prefetch_Results\SH.csv,2018-04-18 20:54:12.164028,2018-04-18 20:54:10.841030,2018-04-18 20:01:42.737740,2018-04-17 23:51:50.562352,2018-04-17 23:51:49.796078,2018-04-15 19:46:29.069492,2018-04-15 19:46:28.413936,2018-04-15 17:08:11.417832,0
SHELLEXPERIENCEHOST,C:\Users\dmk16\Documents\Prefetch_Results\SHELLEXPERIENCEHOST.csv,2018-04-20 21:37:42.661700,,,,,,,,0
SIHOST,C:\Users\dmk16\Documents\Prefetch_Results\SIHOST.csv,2018-03-11 11:58:14.201172,2018-03-10 20:51:44.955090,2018-03-10 20:36:56.773436,2018-03-10 20:23:28.854784,2018-03-03 17:01:16.269774,,,,0
SILVERLIGHT_X64,C:\Users\dmk16\Documents\Prefetch_Results\SILVERLIGHT_X64.csv,2018-03-16 21:35:55.203808,2018-03-16 21:35:24.267036,2018-03-16 21:28:43.467810,2018-03-16 21:28:36.712348,,,,,0
SKYPEAPP,C:\Users\dmk16\Documents\Prefetch_Results\SKYPEAPP.csv,2018-02-24 16:48:01.032518,2018-02-23 21:59:39.067292,2018-02-16 22:02:46.905934,2018-02-09 21:57:44.218996,,,,,0
SLACK,C:\Users\dmk16\Documents\Prefetch_Results\SLACK.csv,2018-04-04 23:33:35.635646,2018-03-26 21:35:27.421948,2018-03-25 17:43:55.861272,2018-03-25 13:55:19.800020,2018-03-24 20:19:50.211964,2018-03-21 20:31:10.993286,2018-03-18 22:44:14.263586,2018-03-17 20:14:27.972384,0
SMARTSCREEN,C:\Users\dmk16\Documents\Prefetch_Results\SMARTSCREEN.csv,2018-04-21 13:06:21.579918,2018-04-21 12:54:43.832978,2018-04-21 12:37:20.052332,2018-04-20 21:48:53.703026,2018-04-20 21:40:14.983236,2018-04-20 21:20:44.635432,2018-04-20 20:02:37.882940,2018-04-18 23:48:52.512332,0
SPEECHRUNTIME,C:\Users\dmk16\Documents\Prefetch_Results\SPEECHRUNTIME.csv,2018-04-20 20:11:53.131650,2018-04-18 23:04:20.569984,2018-04-17 21:38:32.664342,,,,,,0
SPPSVC,C:\Users\dmk16\Documents\Prefetch_Results\SPPSVC.csv,2018-04-21 12:39:13.238864,2018-04-20 21:27:19.731900,2018-04-20 20:09:54.699284,2018-04-19 19:05:00.452784,2018-04-18 23:10:10.651208,2018-04-18 22:41:12.673304,2018-04-18 22:36:59.921238,2018-04-18 19:41:09.369206,0
SRTASKS,C:\Users\dmk16\Documents\Prefetch_Results\SRTASKS.csv,2018-04-16 21:17:22.823708,,,,,,,,0
SSH,C:\Users\dmk16\Documents\Prefetch_Results\SSH.csv,2018-04-18 19:58:24.541974,2018-04-18 19:58:24.396170,,,,,,,0
SUBLIME TEXT BUILD 3143 X,C:\Users\dmk16\Documents\Prefetch_Results\SUBLIME TEXT BUILD 3143 X.csv,2018-02-14 21:36:29.933080,,,,,,,,0
SUBLIME_TEXT,C:\Users\dmk16\Documents\Prefetch_Results\SUBLIME_TEXT.csv,2018-04-18 20:53:59.313022,2018-04-18 20:42:42.266204,2018-04-18 20:31:37.873108,2018-04-18 20:26:07.148644,2018-04-18 20:18:17.655278,2018-04-18 20:13:23.129028,2018-04-18 20:09:52.811676,2018-04-18 20:07:20.504416,0
SVCHOST,C:\Users\dmk16\Documents\Prefetch_Results\SVCHOST.csv,2018-04-20 20:11:52.188640,2018-04-20 20:04:29.751656,2018-04-18 19:46:55.612404,2018-04-17 19:36:25.569204,2018-04-16 20:39:13.865188,2018-04-16 20:38:06.901244,,,0
SYNTPENH,C:\Users\dmk16\Documents\Prefetch_Results\SYNTPENH.csv,2018-04-18 22:35:41.714348,2018-04-17 21:35:01.571446,2018-04-02 11:30:23.832630,2018-03-31 20:25:43.846960,2018-03-30 21:22:40.554386,2018-03-11 11:58:16.513918,2018-03-10 20:57:58.879748,2018-03-10 20:50:17.469310,0
SYNTPHELPER,C:\Users\dmk16\Documents\Prefetch_Results\SYNTPHELPER.csv,2018-04-02 11:30:24.410828,2018-03-11 11:58:16.826452,2018-03-10 20:36:57.065990,2018-02-15 01:32:15.082148,,,,,0
SYSTEMPROPERTIESADVANCED,C:\Users\dmk16\Documents\Prefetch_Results\SYSTEMPROPERTIESADVANCED.csv,2018-04-20 21:27:22.027602,,,,,,,,0
SYSTEMSETTINGS,C:\Users\dmk16\Documents\Prefetch_Results\SYSTEMSETTINGS.csv,2018-04-21 12:54:45.585292,2018-04-20 20:11:51.481762,2018-04-18 23:04:20.120362,2018-04-18 22:36:39.711436,2018-04-17 21:38:32.202116,2018-04-11 22:47:17.852908,2018-04-02 21:20:51.033850,2018-04-02 12:13:42.413248,0
SYSTEMSETTINGSADMINFLOWS,C:\Users\dmk16\Documents\Prefetch_Results\SYSTEMSETTINGSADMINFLOWS.csv,2018-03-10 20:34:57.712812,2018-03-10 20:14:16.075444,,,,,,,0
SYSTEMSETTINGSBROKER,C:\Users\dmk16\Documents\Prefetch_Results\SYSTEMSETTINGSBROKER.csv,2018-04-18 22:36:36.559472,,,,,,,,0
TABTIP,C:\Users\dmk16\Documents\Prefetch_Results\TABTIP.csv,2018-04-21 12:37:20.302360,2018-04-20 21:48:54.272038,2018-04-20 21:40:15.797406,2018-04-20 21:27:21.926834,2018-04-20 21:20:44.986832,2018-04-20 19:59:21.900014,2018-04-19 19:02:02.473844,2018-04-18 23:09:24.064676,0
TABTIP32,C:\Users\dmk16\Documents\Prefetch_Results\TABTIP32.csv,2018-04-18 22:35:41.683094,2018-04-17 21:36:13.786796,2018-04-17 21:35:01.364386,,,,,,0
TASKHOSTW,C:\Users\dmk16\Documents\Prefetch_Results\TASKHOSTW.csv,2018-04-21 12:54:38.383222,2018-04-21 12:39:06.546644,2018-04-21 12:36:06.955124,2018-04-20 22:23:15.035060,2018-04-20 21:44:48.725214,2018-04-20 20:07:27.758732,2018-04-20 20:02:00.742830,2018-04-20 19:59:06.055684,0
TASKMGR,C:\Users\dmk16\Documents\Prefetch_Results\TASKMGR.csv,2018-04-06 22:48:27.228408,2018-03-17 23:11:20.299356,2018-02-25 22:00:49.929040,2018-02-25 22:00:49.740972,2018-02-15 01:01:12.041004,2018-02-15 00:47:56.121826,2018-02-15 00:47:55.966774,2018-02-11 02:42:54.521680,0
TIWORKER,C:\Users\dmk16\Documents\Prefetch_Results\TIWORKER.csv,2018-04-20 20:02:12.898770,2018-04-18 22:41:13.582328,2018-04-18 22:37:00.855972,2018-04-17 21:44:56.692308,2018-04-17 21:40:58.605014,2018-04-17 21:36:23.981872,2018-04-17 21:35:05.772880,2018-04-17 19:45:58.263020,0
TRUSTEDINSTALLER,C:\Users\dmk16\Documents\Prefetch_Results\TRUSTEDINSTALLER.csv,2018-04-21 12:54:41.085992,2018-04-20 20:02:12.834662,2018-04-18 22:51:12.694886,2018-04-18 22:48:45.383422,2018-04-18 22:46:11.324272,2018-04-18 22:41:13.471372,2018-04-18 22:37:00.779206,2018-04-17 21:51:09.791520,0
UNAME,C:\Users\dmk16\Documents\Prefetch_Results\UNAME.csv,2018-04-18 19:58:22.113262,2018-04-17 23:40:26.772016,2018-04-17 23:29:09.411920,2018-04-15 16:57:57.683702,,,,,0
UPDATE,C:\Users\dmk16\Documents\Prefetch_Results\UPDATE.csv,2018-04-21 12:36:21.451844,2018-04-20 21:36:25.517248,2018-04-20 20:36:25.475060,2018-04-20 19:59:06.043252,2018-04-19 22:33:59.193398,2018-04-19 19:02:00.478944,2018-04-18 23:36:38.132820,2018-04-18 22:33:45.020398,0
USERACCOUNTCONTROLSETTING,C:\Users\dmk16\Documents\Prefetch_Results\USERACCOUNTCONTROLSETTING.csv,2018-03-17 20:13:44.727210,2018-03-17 20:13:54.435642,2018-03-16 21:34:58.811634,2018-03-16 21:35:07.869430,,,,,0
UTILMAN,C:\Users\dmk16\Documents\Prefetch_Results\UTILMAN.csv,2018-02-27 01:36:16.256786,,,,,,,,0
VAGRANT,C:\Users\dmk16\Documents\Prefetch_Results\VAGRANT.csv,2018-04-18 20:58:45.990940,2018-04-18 20:03:34.912000,2018-04-18 19:58:22.323954,2018-04-18 19:55:43.477956,2018-04-18 19:51:33.630030,2018-04-17 23:49:38.926804,2018-04-17 23:40:26.936580,2018-04-17 23:29:09.694572,0
VBOXHEADLESS,C:\Users\dmk16\Documents\Prefetch_Results\VBOXHEADLESS.csv,2018-04-18 19:51:44.698746,2018-04-18 19:51:44.634146,2018-04-17 23:24:46.183682,2018-04-17 23:24:46.135554,2018-04-17 23:24:46.731500,2018-04-15 16:54:20.231056,2018-04-15 16:54:20.167108,2018-04-15 16:54:20.814200,0
VBOXMANAGE,C:\Users\dmk16\Documents\Prefetch_Results\VBOXMANAGE.csv,2018-04-18 20:58:47.393514,2018-04-18 20:06:12.375190,2018-04-18 20:03:36.127390,2018-04-18 19:57:57.756690,2018-04-18 19:54:54.506932,2018-04-18 19:51:39.044900,2018-04-17 23:49:40.270724,2018-04-17 23:40:28.299758,0
VBOXSVC,C:\Users\dmk16\Documents\Prefetch_Results\VBOXSVC.csv,2018-04-18 19:51:40.058612,2018-04-17 23:24:40.947260,2018-04-15 16:54:15.819348,,,,,,0
VCREDIST_X64,C:\Users\dmk16\Documents\Prefetch_Results\VCREDIST_X64.csv,2018-01-28 02:58:14.755284,2018-01-28 02:58:14.726028,,,,,,,0
VCREDIST_X86,C:\Users\dmk16\Documents\Prefetch_Results\VCREDIST_X86.csv,2018-01-28 02:58:12.804484,2018-01-28 02:58:12.768880,,,,,,,0
VCTIP,C:\Users\dmk16\Documents\Prefetch_Results\VCTIP.csv,2018-04-20 22:01:52.607036,,,,,,,,0
VC_REDIST.X64,C:\Users\dmk16\Documents\Prefetch_Results\VC_REDIST.X64.csv,2018-01-28 02:45:50.055600,2018-01-28 02:45:50.030450,,,,,,,0
VC_REDIST.X86,C:\Users\dmk16\Documents\Prefetch_Results\VC_REDIST.X86.csv,2018-01-28 02:45:48.419732,2018-01-28 02:45:48.394428,,,,,,,0
VIRTUALBOX,C:\Users\dmk16\Documents\Prefetch_Results\VIRTUALBOX.csv,2018-02-16 01:03:27.765456,2018-02-15 01:07:18.609764,2018-02-15 00:50:58.658212,2018-02-15 00:39:39.239956,,,,,0
VSSVC,C:\Users\dmk16\Documents\Prefetch_Results\VSSVC.csv,2018-04-16 21:17:13.683744,,,,,,,,0
VS_COMMUNITY__2102053360.,C:\Users\dmk16\Documents\Prefetch_Results\VS_COMMUNITY__2102053360..csv,2018-01-28 02:36:11.786640,,,,,,,,0
VS_INSTALLERSHELL,C:\Users\dmk16\Documents\Prefetch_Results\VS_INSTALLERSHELL.csv,2018-01-28 02:37:39.157644,,,,,,,,0
VS_SETUP_BOOTSTRAPPER,C:\Users\dmk16\Documents\Prefetch_Results\VS_SETUP_BOOTSTRAPPER.csv,2018-01-28 02:36:13.293776,,,,,,,,0
WIFITASK,C:\Users\dmk16\Documents\Prefetch_Results\WIFITASK.csv,2018-04-21 12:36:10.778548,2018-04-20 21:03:15.228658,2018-04-20 19:59:13.044024,2018-04-19 19:30:08.829610,2018-04-19 19:14:08.427318,2018-04-19 19:06:07.761820,2018-04-19 19:02:07.401442,2018-04-18 22:38:15.297472,0
WINSAT,C:\Users\dmk16\Documents\Prefetch_Results\WINSAT.csv,2018-04-14 22:27:32.206946,2018-04-14 22:27:30.316074,,,,,,,0
WINSDKSETUP,C:\Users\dmk16\Documents\Prefetch_Results\WINSDKSETUP.csv,2018-01-28 02:48:58.825696,2018-01-28 02:48:58.881454,,,,,,,0
WINSTORE.APP,C:\Users\dmk16\Documents\Prefetch_Results\WINSTORE.APP.csv,2018-04-17 19:41:20.386830,,,,,,,,0
WINWORD,C:\Users\dmk16\Documents\Prefetch_Results\WINWORD.csv,2018-04-12 22:36:10.558888,2018-04-02 21:11:06.640460,2018-03-27 22:40:21.477380,2018-03-26 21:41:43.388228,2018-03-26 01:50:29.848526,2018-03-25 19:31:20.967054,2018-03-25 13:44:15.545338,2018-03-11 18:18:44.537836,0
WINZIP22_DOWNWZ,C:\Users\dmk16\Documents\Prefetch_Results\WINZIP22_DOWNWZ.csv,2018-04-06 14:32:02.315238,,,,,,,,0
WINZIP64,C:\Users\dmk16\Documents\Prefetch_Results\WINZIP64.csv,2018-04-06 14:33:35.509408,2018-04-06 14:32:39.614060,2018-04-06 14:32:26.547324,,,,,,0
WINZIPCOMPRESSIONSMARTMON,C:\Users\dmk16\Documents\Prefetch_Results\WINZIPCOMPRESSIONSMARTMON.csv,2018-04-18 22:36:50.860038,2018-04-17 21:36:45.997886,,,,,,,0
WMIADAP,C:\Users\dmk16\Documents\Prefetch_Results\WMIADAP.csv,2018-04-20 20:05:22.202776,2018-04-18 22:40:09.730822,2018-04-17 21:52:19.683854,2018-04-17 21:39:54.500620,,,,,0
WMIC,C:\Users\dmk16\Documents\Prefetch_Results\WMIC.csv,2018-04-21 12:39:04.468514,2018-04-21 12:39:04.431708,2018-04-20 21:48:59.470366,2018-04-18 23:09:28.288088,2018-04-17 22:43:14.944226,2018-04-17 22:43:14.944226,2018-04-17 22:43:14.975918,,0
WMIPRVSE,C:\Users\dmk16\Documents\Prefetch_Results\WMIPRVSE.csv,2018-04-21 12:54:38.543400,2018-04-21 12:39:04.494874,2018-04-21 12:36:07.907624,2018-04-20 21:48:56.842374,2018-04-20 21:27:19.540922,2018-04-20 21:24:41.286628,2018-04-20 21:00:55.087148,2018-04-20 20:22:29.012876,0
WUAUCLT,C:\Users\dmk16\Documents\Prefetch_Results\WUAUCLT.csv,2018-04-20 20:02:39.998076,2018-04-18 22:37:23.306578,2018-04-17 21:41:16.988946,2018-04-17 19:36:24.509824,2018-04-16 20:44:48.557082,2018-04-15 19:21:00.773864,,,0
WUNDERLIST-SETUP,C:\Users\dmk16\Documents\Prefetch_Results\WUNDERLIST-SETUP.csv,2018-02-02 00:32:36.494500,,,,,,,,0
WWAHOST,C:\Users\dmk16\Documents\Prefetch_Results\WWAHOST.csv,2018-03-10 20:14:19.885500,2018-01-28 01:46:08.051426,,,,,,,0
$I_Parse_v1.1.zip,C:\Users\dmk16\Downloads,2018-02-23 17:53:29.891712,,,,,,,,,Fixed (Hard Disk),1cbd9382,dmk16
26e07dcb0912b99a,C:\Users\dmk16\Documents\GitHub\Capstone_Project\JumpListParserTest\JumpListParserTest,2018-03-04 11:35:39.027699,,,,,,,,,Fixed (Hard Disk),1cbd9382,dmk16
api,C:\Users\dmk16\Documents\GitHub\LegibleAccounting\client\src,2018-02-21 16:05:24.627090,,,,,,,,,Fixed (Hard Disk),1cbd9382,dmk16
Capstone_Project-master.zip,C:\Users\dmk16\Downloads,2018-01-28 15:23:59.121895,,,,,,,,,Fixed (Hard Disk),1cbd9382,dmk16
Capstone_Project,C:\Users\dmk16\Documents\GitHub,2018-01-31 19:28:25.413084,,,,,,,,,Fixed (Hard Disk),1cbd9382,dmk16
ch01.pptx,C:\Users\dmk16\Downloads,2018-02-15 16:58:15.096907,,,,,,,,,Fixed (Hard Disk),1cbd9382,dmk16
ch02(1).pptx,C:\Users\dmk16\Downloads,2018-02-15 17:24:00.664169,,,,,,,,,Fixed (Hard Disk),1cbd9382,dmk16
components,C:\Users\dmk16\Documents\GitHub\LegibleAccounting\client\src,2018-02-27 18:41:39.330585,,,,,,,,,Fixed (Hard Disk),1cbd9382,dmk16
Comprehensive_Project.docx,C:\Users\dmk16\Downloads,2018-02-03 18:05:24.241512,,,,,,,,,Fixed (Hard Disk),1cbd9382,dmk16
cpp_reference_sheet.pdf,C:\Users\dmk16\Documents\School\Misc,2018-01-30 18:39:04.748209,,,,,,,,,Fixed (Hard Disk),1cbd9382,dmk16
David and Sarah.jpg,E:\Backup\Pictures,2015-12-19 03:06:58.020000,,,,,,,,,Removable (Floppy-Zip-USB-etc.),0c0b0346,dmk16
David_and_Sarah_Mortgage_Application_Documents.pdf,C:\Users\dmk16\Documents\Mortgage,2018-03-01 22:44:33.502184,,,,,,,,,Fixed (Hard Disk),1cbd9382,dmk16
David_and_Sarah_Mortgage_Application_Documents_UNSIGNED.pdf,C:\Users\dmk16\Documents\Mortgage,2018-03-03 10:41:07.326590,,,,,,,,,Fixed (Hard Disk),1cbd9382,dmk16
David_Paystub_02-09-2018.pdf,C:\Users\dmk16\Desktop,2018-03-01 22:10:10.205591,,,,,,,,,Fixed (Hard Disk),1cbd9382,dmk16
David_Paystub_02-23-2018.pdf,C:\Users\dmk16\Desktop,2018-03-01 22:10:13.687288,,,,,,,,,Fixed (Hard Disk),1cbd9382,dmk16
David_Sarah_GovernmentIDs.pdf,C:\Users\dmk16\Desktop,2018-03-01 22:15:52.657305,,,,,,,,,Fixed (Hard Disk),1cbd9382,dmk16
David_W2_2016.pdf,C:\Users\dmk16\Desktop,2018-03-01 22:07:01.060200,,,,,,,,,Fixed (Hard Disk),1cbd9382,dmk16
David_W2_2017.pdf,C:\Users\dmk16\Desktop,2018-03-01 22:09:33.449299,,,,,,,,,Fixed (Hard Disk),1cbd9382,dmk16
Desktop,C:\Users\dmk16,2018-01-27 20:48:27.446310,,,,,,,,,Fixed (Hard Disk),1cbd9382,dmk16
DestList.csv,C:\Users\dmk16\Documents\GitHub\Capstone_Project\JumpListParserTest\JumpListParserTest\26e07dcb0912b99a,2018-03-04 11:35:39.054905,,,,,,,,,Fixed (Hard Disk),1cbd9382,dmk16
Discord,C:\Users\dmk16\AppData\Local,2018-01-27 22:13:42.064409,,,,,,,,,Fixed (Hard Disk),1cbd9382,dmk16
Documents,C:\Users\dmk16,2018-01-27 20:48:27.446310,,,,,,,,,Fixed (Hard Disk),1cbd9382,dmk16
Downloads,C:\Users\dmk16,2018-01-27 20:48:27.446310,,,,,,,,,Fixed (Hard Disk),1cbd9382,dmk16
File System Threat Hunting for kennesaw State Uni.pptx,C:\Users\dmk16\Documents\School\Spring 2018,2018-01-30 18:39:33.918234,,,,,,,,,Fixed (Hard Disk),1cbd9382,dmk16
JumpListParser-master,C:\Users\dmk16\Documents\GitHub\Capstone_Project,2018-01-31 10:54:41.187849,,,,,,,,,Fixed (Hard Disk),1cbd9382,dmk16
JumpListParser-master.zip,C:\Users\dmk16\Downloads,2018-01-31 10:54:23.906498,,,,,,,,,Fixed (Hard Disk),1cbd9382,dmk16
JumpListParser.py,C:\Users\dmk16\Documents\GitHub\Capstone_Project\JumpListParser-master,2015-10-08 04:01:20,,,,,,,,,Fixed (Hard Disk),1cbd9382,dmk16
JumpListParserTest,C:\Users\dmk16\Documents\GitHub\Capstone_Project,2018-03-04 11:21:30.299791,,,,,,,,,Fixed (Hard Disk),1cbd9382,dmk16
JumpListParserTest.sln,C:\Users\dmk16\Documents\GitHub\Capstone_Project\JumpListParserTest,2018-03-04 11:21:30.302790,,,,,,,,,Fixed (Hard Disk),1cbd9382,dmk16
LegibleAccounting,C:\Users\dmk16\Documents\GitHub,2018-02-14 19:19:53.507494,,,,,,,,,Fixed (Hard Disk),1cbd9382,dmk16
LinkFiles.csv,C:\Users\dmk16\Documents\GitHub\Capstone_Project\JumpListParserTest\JumpListParserTest\26e07dcb0912b99a,2018-03-04 11:35:39.038042,,,,,,,,,Fixed (Hard Disk),1cbd9382,dmk16
lnk-parse-1.0.pl,C:\Users\dmk16\Desktop,2016-01-09 01:55:10,,,,,,,,,Fixed (Hard Disk),1cbd9382,dmk16
LNKData.csv,C:\Users\dmk16\Documents\GitHub\Capstone_Project\LNK_Inspector\PythonApplication2,2018-03-10 12:33:35.234543,,,,,,,,,Fixed (Hard Disk),1cbd9382,dmk16
LNK_File_Parser.sln,C:\Users\dmk16\Documents\GitHub\Capstone_Project\LNK_Inspector,2018-03-10 12:33:35.231443,,,,,,,,,Fixed (Hard Disk),1cbd9382,dmk16
LNK_Inspector,C:\Users\dmk16\Documents\GitHub\Capstone_Project,2018-03-10 12:33:35.229042,,,,,,,,,Fixed (Hard Disk),1cbd9382,dmk16
MFT_Grabber.py,C:\Users\dmk16\source\repos\PythonApplication1\PythonApplication1,2018-01-28 08:20:54.759851,,,,,,,,,Fixed (Hard Disk),1cbd9382,dmk16
MFT_Grabber_Parser.sln,C:\Users\dmk16\source\repos\PythonApplication1,2018-01-28 08:20:53.051151,,,,,,,,,Fixed (Hard Disk),1cbd9382,dmk16
Microsoft Office & Visio Keys.txt,E:\Backup\Downloads,2018-01-27 18:26:47.010000,,,,,,,,,Removable (Floppy-Zip-USB-etc.),0c0b0346,dmk16
Misc,C:\Users\dmk16\Documents\School,2018-01-30 18:39:04.726721,,,,,,,,,Fixed (Hard Disk),1cbd9382,dmk16
Mortgage,C:\Users\dmk16\Documents,2018-03-01 22:37:09.334435,,,,,,,,,Fixed (Hard Disk),1cbd9382,dmk16
Mortgage,C:\Users\dmk16\Documents,2018-03-01 22:37:09.334435,,,,,,,,,Fixed (Hard Disk),1cbd9382,dmk16
Mortgage_Application_Documents.pdf,C:\Users\dmk16\Documents\Mortgage,2018-03-01 22:37:28.206472,,,,,,,,,Fixed (Hard Disk),1cbd9382,dmk16
myScript.js.txt,C:\Users\dmk16\Desktop,2018-02-14 16:54:07.891569,,,,,,,,,Fixed (Hard Disk),1cbd9382,dmk16
myStyle.css,C:\Users\dmk16\Desktop,2018-02-14 16:16:51.115507,,,,,,,,,Fixed (Hard Disk),1cbd9382,dmk16
New Microsoft Excel Worksheet.xlsx,C:\Users\dmk16\Desktop,2018-02-21 16:49:49.073313,,,,,,,,,Fixed (Hard Disk),1cbd9382,dmk16
New Text Document.txt,C:\Users\dmk16\Desktop,2018-02-21 16:49:58.717493,,,,,,,,,Fixed (Hard Disk),1cbd9382,dmk16
Obtaining Your 1098-T.docx,C:\Users\dmk16\Downloads,2018-02-01 06:03:37.771887,,,,,,,,,Fixed (Hard Disk),1cbd9382,dmk16
olefile-master.zip,C:\Users\dmk16\Downloads,2018-03-04 11:32:07.601185,,,,,,,,,Fixed (Hard Disk),1cbd9382,dmk16
payment history for David and Sarah Klein.pdf,C:\Users\dmk16\Downloads,2018-03-08 19:53:22.036976,,,,,,,,,Fixed (Hard Disk),1cbd9382,dmk16
Pictures,E:\Backup,2015-12-19 03:06:57.910000,,,,,,,,,Removable (Floppy-Zip-USB-etc.),0c0b0346,dmk16
PrefetchTest1,C:\Users\dmk16\Documents\GitHub\Capstone_Project,2018-01-31 19:28:27.135534,,,,,,,,,Fixed (Hard Disk),1cbd9382,dmk16
PrefetchTest1.sln,C:\Users\dmk16\Documents\GitHub\Capstone_Project\PrefetchTest1,2018-01-31 19:28:27.145901,,,,,,,,,Fixed (Hard Disk),1cbd9382,dmk16
pylnker-master,C:\Users\dmk16\Desktop,2018-01-31 10:43:37.804607,,,,,,,,,Fixed (Hard Disk),1cbd9382,dmk16
pylnker-master.zip,C:\Users\dmk16\Downloads,2018-01-31 10:43:18.689880,,,,,,,,,Fixed (Hard Disk),1cbd9382,dmk16
pylnker.py,C:\Users\dmk16\Documents\GitHub\Capstone_Project,2017-04-26 19:11:30,,,,,,,,,Fixed (Hard Disk),1cbd9382,dmk16
python-registry-master.zip,C:\Users\dmk16\Downloads,2018-02-24 12:31:55.201942,,,,,,,,,Fixed (Hard Disk),1cbd9382,dmk16
PythonApplication,C:\Users\dmk16\source\repos,2018-03-03 19:33:22.737173,,,,,,,,,Fixed (Hard Disk),1cbd9382,dmk16
PythonApplication1.py,C:\Users\dmk16\source\repos\PythonApplication1\PythonApplication1,2018-01-28 08:20:54.759851,,,,,,,,,Fixed (Hard Disk),1cbd9382,dmk16
PythonApplication1,C:\Users\dmk16\source\repos\PythonApplication1,2018-01-28 08:20:51.005960,,,,,,,,,Fixed (Hard Disk),1cbd9382,dmk16
PythonApplication1.sln,C:\Users\dmk16\source\repos\PythonApplication1,2018-01-28 08:20:53.051151,,,,,,,,,Fixed (Hard Disk),1cbd9382,dmk16
PythonApplication2,C:\Users\dmk16\Documents\GitHub\Capstone_Project\LNK_Inspector,2018-03-10 12:33:35.231443,,,,,,,,,Fixed (Hard Disk),1cbd9382,dmk16
PythonApplication2.py,C:\Users\dmk16\source\repos\PythonApplication2,2018-02-12 18:58:26.595148,,,,,,,,,Fixed (Hard Disk),1cbd9382,dmk16
PythonApplication3,C:\Users\dmk16\source\repos,2018-02-21 19:09:13.500284,,,,,,,,,Fixed (Hard Disk),1cbd9382,dmk16
PythonApplication3.sln,C:\Users\dmk16\source\repos\PythonApplication3,2018-02-21 19:09:13.663347,,,,,,,,,Fixed (Hard Disk),1cbd9382,dmk16
PythonApplication4,C:\Users\dmk16\Documents\GitHub\Capstone_Project\Trash_Inspector,2018-03-06 17:22:55.639526,,,,,,,,,Fixed (Hard Disk),1cbd9382,dmk16
PythonApplication4.sln,C:\Users\dmk16\source\repos\PythonApplication4,2018-02-24 11:53:10.222191,,,,,,,,,Fixed (Hard Disk),1cbd9382,dmk16
README.md,C:\Users\dmk16\Documents\GitHub\Capstone_Project\JumpListParserTest,2018-03-04 11:21:30.383266,,,,,,,,,Fixed (Hard Disk),1cbd9382,dmk16
Rent Check 4-2017.jpg,C:\Users\dmk16\Desktop,2018-03-08 19:20:54.644342,,,,,,,,,Fixed (Hard Disk),1cbd9382,dmk16
repos,C:\Users\dmk16\source,2018-01-27 22:05:50.386473,,,,,,,,,Fixed (Hard Disk),1cbd9382,dmk16
SAD Lecture Notes 01-09-2018.docx,C:\Users\dmk16\Documents\School\Spring 2018,2018-01-30 18:39:33.950459,,,,,,,,,Fixed (Hard Disk),1cbd9382,dmk16
SAD Lecture Notes 01-11-2018.docx,C:\Users\dmk16\Documents\School\Spring 2018,2018-01-30 18:39:33.964685,,,,,,,,,Fixed (Hard Disk),1cbd9382,dmk16
SAD Lecture Notes 01-23-2018.docx,C:\Users\dmk16\Documents\School\Spring 2018,2018-01-30 18:39:33.975042,,,,,,,,,Fixed (Hard Disk),1cbd9382,dmk16
SAD Lecture Notes 01-25-2018.docx,C:\Users\dmk16\Documents\School\Spring 2018,2018-01-30 18:39:33.989979,,,,,,,,,Fixed (Hard Disk),1cbd9382,dmk16
SAD Lecture Notes 01-30-2018.docx,C:\Users\dmk16\Documents\School\Spring 2018,2018-01-30 18:42:20.261965,,,,,,,,,Fixed (Hard Disk),1cbd9382,dmk16
Sample - Klein.html,C:\Users\dmk16\Desktop,2018-02-14 16:06:50.326242,,,,,,,,,Fixed (Hard Disk),1cbd9382,dmk16
Sample Project Plan.doc,C:\Users\dmk16\Downloads,2018-02-03 18:05:18.336731,,,,,,,,,Fixed (Hard Disk),1cbd9382,dmk16
SarahKlein_Paystub_02-16-2018.pdf,C:\Users\dmk16\Desktop,2018-03-01 22:13:33.908875,,,,,,,,,Fixed (Hard Disk),1cbd9382,dmk16
SarahKlein_Paystub_03-2-2018.pdf,C:\Users\dmk16\Desktop,2018-03-01 22:08:12.077810,,,,,,,,,Fixed (Hard Disk),1cbd9382,dmk16
Sarah_W2_2016.pdf,C:\Users\dmk16\Desktop,2018-03-01 22:07:01.097910,,,,,,,,,Fixed (Hard Disk),1cbd9382,dmk16
Sarah_W2_2017.pdf,C:\Users\dmk16\Desktop,2018-03-01 22:07:01.119299,,,,,,,,,Fixed (Hard Disk),1cbd9382,dmk16
Shellbags_Parser.py,C:\Users\dmk16\source\repos\Shellbags_Parser\Shellbags_Parser,2018-02-27 18:21:45.584362,,,,,,,,,Fixed (Hard Disk),1cbd9382,dmk16
Shellbags_Parser,C:\Users\dmk16\source\repos\Shellbags_Parser,2018-02-27 18:21:44.794752,,,,,,,,,Fixed (Hard Disk),1cbd9382,dmk16
Shellbags_Parser.sln,C:\Users\dmk16\source\repos\Shellbags_Parser,2018-02-27 18:21:44.933311,,,,,,,,,Fixed (Hard Disk),1cbd9382,dmk16
source-archive.zip,C:\Users\dmk16\Downloads,2018-02-09 17:43:40.763813,,,,,,,,,Fixed (Hard Disk),1cbd9382,dmk16
source,C:\Users\dmk16,2018-01-27 22:05:50.385729,,,,,,,,,Fixed (Hard Disk),1cbd9382,dmk16
Specific Instructions for Form 1098-T.docx,C:\Users\dmk16\Downloads,2018-02-01 06:03:55.538155,,,,,,,,,Fixed (Hard Disk),1cbd9382,dmk16
Spring 2018,C:\Users\dmk16\Documents\School,2018-01-30 18:39:33.864225,,,,,,,,,Fixed (Hard Disk),1cbd9382,dmk16
Submitted Docs,C:\Users\dmk16\Documents\Mortgage,2018-03-01 22:53:07.506746,,,,,,,,,Fixed (Hard Disk),1cbd9382,dmk16
Test.py,C:\Users\dmk16\Desktop,2018-01-28 21:49:03.238834,,,,,,,,,Fixed (Hard Disk),1cbd9382,dmk16
testOutFile.txt,C:\Users\dmk16\Desktop,2018-02-24 15:55:37.664158,,,,,,,,,Fixed (Hard Disk),1cbd9382,dmk16
trashData.csv,C:\Users\dmk16\Desktop,2018-03-10 11:33:52.959673,,,,,,,,,Fixed (Hard Disk),1cbd9382,dmk16
trashFile.csv,C:\Users\dmk16\source\repos\PythonApplication4\PythonApplication4,2018-03-03 19:00:03.302917,,,,,,,,,Fixed (Hard Disk),1cbd9382,dmk16
Trash_Inspector,C:\Users\dmk16\Documents\GitHub\Capstone_Project,2018-03-06 18:40:08.285625,,,,,,,,,Fixed (Hard Disk),1cbd9382,dmk16
utils,C:\Users\dmk16\Documents\GitHub\LegibleAccounting\client,2018-02-14 19:19:55.972528,,,,,,,,,Fixed (Hard Disk),1cbd9382,dmk16
WindowsTrashInspector.sln,C:\Users\dmk16\Documents\GitHub\Capstone_Project\Trash_Inspector,2018-03-06 18:40:08.301250,,,,,,,,,Fixed (Hard Disk),1cbd9382,dmk16
WTI_main.py,C:\Users\dmk16\source\repos\PythonApplication4\PythonApplication4,2018-02-24 11:53:10.387108,,,,,,,,,Fixed (Hard Disk),1cbd9382,dmk16
mft.py,C:\Users\dmk16\Desktop\ntfs_parse-master\ntfs_parse\mft,02 Apr 2018 03:28:27 PM,,,,,,,,1,,,dmk16,ea:f2:11:28:df:f3
PrefetchInspector.py,C:\Users\dmk16\Documents\GitHub\Capstone_Project,02 Apr 2018 03:28:27 PM,,,,,,,,1,,,dmk16,ea:f2:11:28:df:f3
WTI_main.py,C:\Users\dmk16\Desktop,18 Mar 2018 08:49:41 PM,,,,,,,,2,,,dmk16,ac:eb:b3:12:b0:75
LNK-Inspector.py,C:\Users\dmk16\Desktop,18 Mar 2018 08:49:41 PM,,,,,,,,2,,,dmk16,ac:eb:b3:12:b0:75
PythonApplication2.py,C:\Users\dmk16\source\repos\PythonApplication2,10 Feb 2018 04:54:35 PM,,,,,,,,1,,,dmk16,81:f1:74:db:94:fc
WTI_main.py,C:\Users\dmk16\source\repos\PythonApplication4\PythonApplication4,21 Feb 2018 11:31:14 PM,,,,,,,,2,,,dmk16,f5:8a:f0:e4:12:91
JumpListParser.py,C:\Users\dmk16\Desktop\JumpListParser-master,28 Jan 2018 02:02:22 AM,,,,,,,,1,,,dmk16,f7:60:0f:98:dc:6d
pylnker.py,C:\Users\dmk16\Desktop\pylnker-master,28 Jan 2018 02:02:22 AM,,,,,,,,2,,,dmk16,f7:60:0f:98:dc:6d
PythonApplication1.py,C:\Users\dmk16\source\repos\PythonApplication1\PythonApplication1,28 Jan 2018 02:02:22 AM,,,,,,,,1,,,dmk16,f7:60:0f:98:dc:6d
FTF_2018-04-15_1523804160434.pdf,C:\Users\dmk16\Documents\Taxes - 2018,15 Apr 2018 01:29:36 PM,,,,,,,,1,,,dmk16,ea:f2:11:28:df:f3
F20 - Purchase and Sale AgreementABDAntiFraud - 1265 Smith Ferguson Road.pdf,C:\Users\dmk16\Documents\Mortgage\Realtor Documents,06 Apr 2018 06:50:51 PM,,,,,,,,1,,,dmk16,ea:f2:11:28:df:f3
summit_archive_1492184337.pdf,C:\Users\dmk16\Desktop,03 Mar 2018 05:15:59 PM,,,,,,,,2,,,dmk16,ac:eb:b3:12:b0:75
Prior Insurance Cancellation Request Form - Travelers Insurance.pdf,C:\Users\dmk16\Documents,18 Mar 2018 08:49:41 PM,,,,,,,,2,,,dmk16,ac:eb:b3:12:b0:75
Fundamentals-of-Computer-Programming-with-CSharp-Nakov-eBook-v2013.pdf,C:\Users\dmk16\Documents\School\Textbooks,09 Mar 2018 12:34:06 AM,,,,,,,,3,,,dmk16,ac:eb:b3:12:b0:75
A Gift Of Fire by Sarah Baase.pdf,C:\Users\dmk16\Documents\School\Textbooks,09 Mar 2018 12:34:06 AM,,,,,,,,3,,,dmk16,ac:eb:b3:12:b0:75
Principles.of.Microeconomics.6thEdition.Mankiw.pdf,C:\Users\dmk16\Documents\School\Textbooks,09 Mar 2018 12:34:06 AM,,,,,,,,2,,,dmk16,ac:eb:b3:12:b0:75
"Wiegers K., Beatty J. - Software Requirements 3, 3rd Edition - 2013.pdf",C:\Users\dmk16\Documents\School\Textbooks,09 Mar 2018 12:34:06 AM,,,,,,,,1,,,dmk16,ac:eb:b3:12:b0:75
"Computer Security - Principles and Practice, 3rd Edition - William Stallings and Lawrie Brown.pdf",C:\Users\dmk16\Documents\School\Textbooks,09 Mar 2018 12:34:06 AM,,,,,,,,1,,,dmk16,ac:eb:b3:12:b0:75
The Design of Everyday Things Revised and Expanded Edition - Don Norman.pdf,C:\Users\dmk16\Documents\School\Textbooks,09 Mar 2018 12:34:06 AM,,,,,,,,1,,,dmk16,ac:eb:b3:12:b0:75
Rent Check 3-2018.pdf,C:\Users\dmk16\Documents\Mortgage\Submitted Documents,09 Mar 2018 12:34:06 AM,,,,,,,,1,,,dmk16,ac:eb:b3:12:b0:75
David_and_Sarah_Mortgage_Application_Documents_UNSIGNED.pdf,C:\Users\dmk16\Documents\Mortgage,09 Mar 2018 12:34:06 AM,,,,,,,,2,,,dmk16,ac:eb:b3:12:b0:75
payment history for David and Sarah Klein.pdf,C:\Users\dmk16\Downloads,09 Mar 2018 12:34:06 AM,,,,,,,,1,,,dmk16,ac:eb:b3:12:b0:75
Rent Check- April 2017.pdf,C:\Users\dmk16\Desktop,03 Mar 2018 05:15:59 PM,,,,,,,,1,,,dmk16,ac:eb:b3:12:b0:75
Pre-Approval_Documents_NEED_Physical_Signature.pdf,C:\Users\dmk16\Documents\Mortgage,27 Feb 2018 11:43:02 PM,,,,,,,,1,,,dmk16,f5:8a:f0:e4:12:91
David_and_Sarah_Mortgage_Application_Documents.pdf,C:\Users\dmk16\Documents\Mortgage,27 Feb 2018 11:43:02 PM,,,,,,,,1,,,dmk16,f5:8a:f0:e4:12:91
Mortgage_Application_Documents.pdf,C:\Users\dmk16\Documents\Mortgage,27 Feb 2018 11:43:02 PM,,,,,,,,2,,,dmk16,f5:8a:f0:e4:12:91
David_Sarah_GovernmentIDs.pdf,C:\Users\dmk16\Desktop,27 Feb 2018 11:43:02 PM,,,,,,,,2,,,dmk16,f5:8a:f0:e4:12:91
SarahKlein_Paystub_02-16-2018.pdf,C:\Users\dmk16\Desktop,27 Feb 2018 11:43:02 PM,,,,,,,,2,,,dmk16,f5:8a:f0:e4:12:91
David_Paystub_02-23-2018.pdf,C:\Users\dmk16\Desktop,27 Feb 2018 11:43:02 PM,,,,,,,,1,,,dmk16,f5:8a:f0:e4:12:91
David_Paystub_02-09-2018.pdf,C:\Users\dmk16\Desktop,27 Feb 2018 11:43:02 PM,,,,,,,,1,,,dmk16,f5:8a:f0:e4:12:91
SarahKlein_Paystub_03-2-2018.pdf,C:\Users\dmk16\Desktop,27 Feb 2018 11:43:02 PM,,,,,,,,1,,,dmk16,f5:8a:f0:e4:12:91
David_W2_2017.pdf,C:\Users\dmk16\Desktop,27 Feb 2018 11:43:02 PM,,,,,,,,1,,,dmk16,f5:8a:f0:e4:12:91
Sarah_W2_2017.pdf,C:\Users\dmk16\Desktop,27 Feb 2018 11:43:02 PM,,,,,,,,1,,,dmk16,f5:8a:f0:e4:12:91
Sarah_W2_2016.pdf,C:\Users\dmk16\Desktop,27 Feb 2018 11:43:02 PM,,,,,,,,1,,,dmk16,f5:8a:f0:e4:12:91
David_W2_2016.pdf,C:\Users\dmk16\Desktop,27 Feb 2018 11:43:02 PM,,,,,,,,2,,,dmk16,f5:8a:f0:e4:12:91
cpp_reference_sheet.pdf,C:\Users\dmk16\Documents\School\Misc,21 Feb 2018 11:31:14 PM,,,,,,,,1,,,dmk16,f5:8a:f0:e4:12:91
Sample - Klein.html,C:\Users\dmk16\Desktop,10 Feb 2018 04:54:35 PM,,,,,,,,2,,,dmk16,81:f1:74:db:94:fc
AM_DELTA_PATCH_1.265.768..csv,C:\Users\dmk16\Documents\Prefetch_Results,18 Apr 2018 10:35:59 PM,,,,,,,,1,,,dmk16,99:88:1b:dc:e3:b8
LNK-Inspector.py,C:\Users\dmk16\Documents\GitHub\Capstone_Project\LNK_Inspector\PythonApplication2,18 Apr 2018 10:35:59 PM,,,,,,,,4,,,dmk16,99:88:1b:dc:e3:b8
JumpListParser.py,C:\Users\dmk16\Documents\GitHub\Capstone_Project,18 Apr 2018 10:35:59 PM,,,,,,,,1,,,dmk16,99:88:1b:dc:e3:b8
AppCompatCacheResults.csv,C:\Users\dmk16\Documents,18 Apr 2018 10:35:59 PM,,,,,,,,1,,,dmk16,99:88:1b:dc:e3:b8
AppCompatCacheInspector.py,C:\Users\dmk16\Documents\GitHub\Capstone_Project,18 Apr 2018 10:35:59 PM,,,,,,,,4,,,dmk16,99:88:1b:dc:e3:b8
AM_BASE_PATCH1.csv,C:\Users\dmk16\Documents\Prefetch_Results,18 Apr 2018 10:35:59 PM,,,,,,,,1,,,dmk16,99:88:1b:dc:e3:b8
PrefetchInspector.py,C:\Users\dmk16\Documents\GitHub\Capstone_Project,02 Apr 2018 03:28:27 PM,,,,,,,,2,,,dmk16,ea:f2:11:28:df:f3
DataAggregatorByDate.sln,C:\Users\dmk16\Documents\GitHub\Capstone_Project\DataAggregatorByDate,18 Apr 2018 10:35:59 PM,,,,,,,,1,,,dmk16,99:88:1b:dc:e3:b8
PythonApplication5.sln,C:\Users\dmk16\source\repos\PythonApplication5,18 Apr 2018 10:35:59 PM,,,,,,,,1,,,dmk16,99:88:1b:dc:e3:b8
README,C:\Users\dmk16\Desktop\sleuthkit-4.6.0\framework\modules\c_FileTypeSigModule\file-5.08\python,18 Apr 2018 10:35:59 PM,,,,,,,,1,,,dmk16,99:88:1b:dc:e3:b8
LNKData.csv,C:\Users\dmk16\Documents\GitHub\Capstone_Project\LNK_Inspector\PythonApplication2,18 Apr 2018 10:35:59 PM,,,,,,,,1,,,dmk16,99:88:1b:dc:e3:b8
LNK_File_Parser.sln,C:\Users\dmk16\Documents\GitHub\Capstone_Project\LNK_Inspector,03 Mar 2018 05:15:59 PM,,,,,,,,9,,,dmk16,ac:eb:b3:12:b0:75
poster-template-horizontal-3.ppt,C:\Users\dmk16\Downloads,15 Apr 2018 01:29:36 PM,,,,,,,,1,,,dmk16,ea:f2:11:28:df:f3
Template 2.pptx,C:\Users\dmk16\Downloads,15 Apr 2018 01:29:36 PM,,,,,,,,1,,,dmk16,ea:f2:11:28:df:f3
Template 1.pptx,C:\Users\dmk16\Downloads,15 Apr 2018 01:29:36 PM,,,,,,,,1,,,dmk16,ea:f2:11:28:df:f3
DashboardApi.js,C:\Users\dmk16\Documents\GitHub\LegibleAccounting\client\src\api,15 Apr 2018 01:29:36 PM,,,,,,,,1,,,dmk16,ea:f2:11:28:df:f3
FTF_2018-04-15_1523804160434.pdf,C:\Users\dmk16\Documents\Taxes - 2018,15 Apr 2018 01:29:36 PM,,,,,,,,1,,,dmk16,ea:f2:11:28:df:f3
F20 - Purchase and Sale AgreementABDAntiFraud - 1265 Smith Ferguson Road.pdf,C:\Users\dmk16\Documents\Mortgage\Realtor Documents,06 Apr 2018 06:50:51 PM,,,,,,,,1,,,dmk16,ea:f2:11:28:df:f3
PythonApplication2.py,C:\Users\dmk16\source\repos\PythonApplication2\PythonApplication2,30 Mar 2018 09:23:28 PM,,,,,,,,1,,,dmk16,ea:f2:11:28:df:f3
Shellbags_Parser.sln,C:\Users\dmk16\source\repos\Shellbags_Parser,25 Feb 2018 06:54:11 PM,,,,,,,,7,,,dmk16,f5:8a:f0:e4:12:91
Error_Occurred_117661.txt,C:\Users\dmk16\source\repos\PythonApplication2\PythonApplication2\Errors,06 Apr 2018 06:50:51 PM,,,,,,,,1,,,dmk16,ea:f2:11:28:df:f3
Error_Occurred_198301.txt,C:\Users\dmk16\source\repos\PythonApplication2\PythonApplication2\Errors,06 Apr 2018 06:50:51 PM,,,,,,,,1,,,dmk16,ea:f2:11:28:df:f3
Error_Occurred_203731.txt,C:\Users\dmk16\source\repos\PythonApplication2\PythonApplication2\Errors,06 Apr 2018 06:50:51 PM,,,,,,,,1,,,dmk16,ea:f2:11:28:df:f3
Error_Occurred_187382.txt,C:\Users\dmk16\source\repos\PythonApplication2\PythonApplication2\Errors,06 Apr 2018 06:50:51 PM,,,,,,,,1,,,dmk16,ea:f2:11:28:df:f3
Error_Occurred_154.txt,C:\Users\dmk16\source\repos\PythonApplication2\PythonApplication2\Errors,06 Apr 2018 06:50:51 PM,,,,,,,,1,,,dmk16,ea:f2:11:28:df:f3
Error_Occurred_16.txt,C:\Users\dmk16\source\repos\PythonApplication2\PythonApplication2\Errors,06 Apr 2018 06:50:51 PM,,,,,,,,1,,,dmk16,ea:f2:11:28:df:f3
MFT_Out.csv,C:\Users\dmk16\source\repos\PythonApplication2\PythonApplication2,02 Apr 2018 03:28:27 PM,,,,,,,,12,,,dmk16,ea:f2:11:28:df:f3
PythonApplication2.sln,C:\Users\dmk16\source\repos\PythonApplication2,30 Mar 2018 09:23:28 PM,,,,,,,,4,,,dmk16,ea:f2:11:28:df:f3
README.md,C:\Users\dmk16\Desktop\sleuthkit-4.6.0,02 Apr 2018 03:28:27 PM,,,,,,,,2,,,dmk16,ea:f2:11:28:df:f3
README.txt,C:\Users\dmk16\Desktop\sleuthkit-4.6.0\docs,02 Apr 2018 03:28:27 PM,,,,,,,,1,,,dmk16,ea:f2:11:28:df:f3
sleuthkit-4.6.0.tar.gz,C:\Users\dmk16\Downloads,02 Apr 2018 03:28:27 PM,,,,,,,,1,,,dmk16,ea:f2:11:28:df:f3
factories.py,C:\Users\dmk16\Desktop\ntfs_parse-master\ntfs_parse\mft,02 Apr 2018 03:28:27 PM,,,,,,,,1,,,dmk16,ea:f2:11:28:df:f3
mft.py,C:\Users\dmk16\Desktop\ntfs_parse-master\ntfs_parse\mft,02 Apr 2018 03:28:27 PM,,,,,,,,1,,,dmk16,ea:f2:11:28:df:f3
NTFS_File_Extractor.au3,C:\Users\dmk16\Desktop\NtfsFileExtractor-master,02 Apr 2018 03:28:27 PM,,,,,,,,1,,,dmk16,ea:f2:11:28:df:f3
MFT Parser Code for later.txt,C:\Users\dmk16\Desktop,18 Mar 2018 08:49:41 PM,,,,,,,,6,,,dmk16,ac:eb:b3:12:b0:75
Logfile_Parser.sln,C:\Users\dmk16\Documents\GitHub\Capstone_Project\Logfile_Parser,14 Mar 2018 11:31:28 PM,,,,,,,,7,,,dmk16,ac:eb:b3:12:b0:75
ntfs_parse-master.zip,C:\Users\dmk16\Downloads,02 Apr 2018 03:28:27 PM,,,,,,,,1,,,dmk16,ea:f2:11:28:df:f3
PythonApplication4.sln,C:\Users\dmk16\source\repos\PythonApplication4,02 Apr 2018 03:28:27 PM,,,,,,,,1,,,dmk16,ea:f2:11:28:df:f3
LogFile.csv,C:\Users\dmk16\Desktop\LogFileParser-master\LogFileParser-master\LogFile_2018-04-05_14-39-19,02 Apr 2018 03:28:27 PM,,,,,,,,1,,,dmk16,ea:f2:11:28:df:f3
LogFileParser.au3,C:\Users\dmk16\Desktop\LogFileParser-master\LogFileParser-master,02 Apr 2018 03:28:27 PM,,,,,,,,1,,,dmk16,ea:f2:11:28:df:f3
2018-04-05_14-27-46.log,C:\Users\dmk16\Desktop\NtfsFileExtractor-master,02 Apr 2018 03:28:27 PM,,,,,,,,1,,,dmk16,ea:f2:11:28:df:f3
readme.txt,C:\Users\dmk16\Desktop\LogFileParser-master\LogFileParser-master,02 Apr 2018 03:28:27 PM,,,,,,,,1,,,dmk16,ea:f2:11:28:df:f3
DataAggregatorByDate.sln,C:\Users\dmk16\Desktop\DataAggregatorByDate,02 Apr 2018 03:28:27 PM,,,,,,,,1,,,dmk16,ea:f2:11:28:df:f3
WindowsTrashInspector.sln,C:\Users\dmk16\Documents\GitHub\Capstone_Project\Trash_Inspector,03 Mar 2018 05:15:59 PM,,,,,,,,6,,,dmk16,ac:eb:b3:12:b0:75
Shell_Bags_Inspector_UsrClass.sln,C:\Users\dmk16\source\repos\Shell_Bags_Inspector_UsrClass,09 Mar 2018 12:34:06 AM,,,,,,,,2,,,dmk16,ac:eb:b3:12:b0:75
trashData.csv,C:\Users\dmk16\Desktop,18 Mar 2018 08:49:41 PM,,,,,,,,1,,,dmk16,ac:eb:b3:12:b0:75
LNKData.csv,C:\Users\dmk16\Desktop,18 Mar 2018 08:49:41 PM,,,,,,,,2,,,dmk16,ac:eb:b3:12:b0:75
UCD - Assignment 2.docx,C:\Users\dmk16\Documents\School\Spring 2017\User-Centered Design - SWE 4324,18 Mar 2018 08:49:41 PM,,,,,,,,1,,,dmk16,ac:eb:b3:12:b0:75
indigo-codegen-html.generator,C:\Users\dmk16\Documents\Indigo Studio\CodeGeneration,18 Mar 2018 08:49:41 PM,,,,,,,,1,,,dmk16,ac:eb:b3:12:b0:75
Project team member evaluation - V1.pdf,C:\Users\dmk16\Downloads,18 Mar 2018 08:49:41 PM,,,,,,,,1,,,dmk16,ac:eb:b3:12:b0:75
Parse Logfile Restart Area Code.txt,C:\Users\dmk16\Desktop,18 Mar 2018 08:49:41 PM,,,,,,,,1,,,dmk16,ac:eb:b3:12:b0:75
ShellbagData.txt,C:\Users\dmk16\Desktop,09 Mar 2018 12:34:06 AM,,,,,,,,4,,,dmk16,ac:eb:b3:12:b0:75
WFS GUI Mockup.proj,C:\Users\dmk16\Documents\GitHub\Capstone_Project\WFS GUI Mockup\WFS GUI Mockup,14 Mar 2018 11:31:28 PM,,,,,,,,2,,,dmk16,ac:eb:b3:12:b0:75
MFT_Grabber.py,C:\Users\dmk16\Documents\GitHub\Capstone_Project,14 Mar 2018 11:31:28 PM,,,,,,,,2,,,dmk16,ac:eb:b3:12:b0:75
GlobalCatalog.wbcat,E:\DESKTOP-I203TMJ\Backup Set 2017-12-09 084835\Catalogs,14 Mar 2018 11:31:28 PM,,,,,,,,1,,,,ac:eb:b3:12:b0:75
Esp.vhdx,E:\WindowsImageBackup\DESKTOP-I203TMJ\Backup 2017-12-09 134840,14 Mar 2018 11:31:28 PM,,,,,,,,1,,,,ac:eb:b3:12:b0:75
be500b77-27bb-40bc-b224-830bbaef58bc.vhdx,E:\WindowsImageBackup\DESKTOP-I203TMJ\Backup 2017-12-09 134840,14 Mar 2018 11:31:28 PM,,,,,,,,1,,,,ac:eb:b3:12:b0:75
6d84362e-3d5a-4ddb-ad67-1fb68f1742a7.vhdx,E:\WindowsImageBackup\DESKTOP-I203TMJ\Backup 2017-12-09 134840,14 Mar 2018 11:31:28 PM,,,,,,,,1,,,,ac:eb:b3:12:b0:75
WFS GUI Mockup.zip,C:\Users\dmk16\Downloads,14 Mar 2018 11:31:28 PM,,,,,,,,1,,,dmk16,ac:eb:b3:12:b0:75
Fundamentals-of-Computer-Programming-with-CSharp-Nakov-eBook-v2013.pdf,C:\Users\dmk16\Documents\School\Textbooks,09 Mar 2018 12:34:06 AM,,,,,,,,3,,,dmk16,ac:eb:b3:12:b0:75
A Gift Of Fire by Sarah Baase.pdf,C:\Users\dmk16\Documents\School\Textbooks,09 Mar 2018 12:34:06 AM,,,,,,,,3,,,dmk16,ac:eb:b3:12:b0:75
Principles.of.Microeconomics.6thEdition.Mankiw.pdf,C:\Users\dmk16\Documents\School\Textbooks,09 Mar 2018 12:34:06 AM,,,,,,,,2,,,dmk16,ac:eb:b3:12:b0:75
"Wiegers K., Beatty J. - Software Requirements 3, 3rd Edition - 2013.pdf",C:\Users\dmk16\Documents\School\Textbooks,09 Mar 2018 12:34:06 AM,,,,,,,,1,,,dmk16,ac:eb:b3:12:b0:75
"Computer Security - Principles and Practice, 3rd Edition - William Stallings and Lawrie Brown.pdf",C:\Users\dmk16\Documents\School\Textbooks,09 Mar 2018 12:34:06 AM,,,,,,,,1,,,dmk16,ac:eb:b3:12:b0:75
The Design of Everyday Things Revised and Expanded Edition - Don Norman.pdf,C:\Users\dmk16\Documents\School\Textbooks,09 Mar 2018 12:34:06 AM,,,,,,,,1,,,dmk16,ac:eb:b3:12:b0:75
PrefetchTest1.sln,C:\Users\dmk16\Documents\GitHub\Capstone_Project\PrefetchTest1,10 Feb 2018 04:54:35 PM,,,,,,,,5,,,dmk16,81:f1:74:db:94:fc
payment history for David and Sarah Klein.pdf,C:\Users\dmk16\Downloads,09 Mar 2018 12:34:06 AM,,,,,,,,1,,,dmk16,ac:eb:b3:12:b0:75
olefile-master.zip,C:\Users\dmk16\Downloads,03 Mar 2018 05:15:59 PM,,,,,,,,1,,,dmk16,ac:eb:b3:12:b0:75
LNK_File_Parser.sln,C:\Users\dmk16\Documents\GitHub\Capstone_Project\LNK_Inspector,10 Feb 2018 04:54:35 PM,,,,,,,,7,,,dmk16,81:f1:74:db:94:fc
PythonApplication2.py,C:\Users\dmk16\Documents\GitHub\Capstone_Project\LNK_Inspector\PythonApplication2,10 Feb 2018 04:54:35 PM,,,,,,,,1,,,dmk16,81:f1:74:db:94:fc
PythonApplication4.sln,C:\Users\dmk16\Documents\GitHub\Capstone_Project\Trash_Inspector,21 Feb 2018 11:31:14 PM,,,,,,,,11,,,dmk16,f5:8a:f0:e4:12:91
Shellbags_Parser.py,C:\Users\dmk16\source\repos\Shellbags_Parser\Shellbags_Parser,25 Feb 2018 06:54:11 PM,,,,,,,,1,,,dmk16,f5:8a:f0:e4:12:91
Pre-Approval_Documents_NEED_Physical_Signature.asp,C:\Users\dmk16\Documents\Mortgage,27 Feb 2018 11:43:02 PM,,,,,,,,1,,,dmk16,f5:8a:f0:e4:12:91
David_Sarah_GovernmentIDs.pdf,C:\Users\dmk16\Documents\Mortgage\Submitted Documents,27 Feb 2018 11:43:02 PM,,,,,,,,2,,,dmk16,f5:8a:f0:e4:12:91
SarahKlein_Paystub_02-16-2018.pdf,C:\Users\dmk16\Documents\Mortgage\Submitted Documents,27 Feb 2018 11:43:02 PM,,,,,,,,2,,,dmk16,f5:8a:f0:e4:12:91
David_Paystub_02-23-2018.pdf,C:\Users\dmk16\Documents\Mortgage\Submitted Documents,27 Feb 2018 11:43:02 PM,,,,,,,,1,,,dmk16,f5:8a:f0:e4:12:91
David_Paystub_02-09-2018.pdf,C:\Users\dmk16\Documents\Mortgage\Submitted Documents,27 Feb 2018 11:43:02 PM,,,,,,,,1,,,dmk16,f5:8a:f0:e4:12:91
SarahKlein_Paystub_03-2-2018.pdf,C:\Users\dmk16\Documents\Mortgage\Submitted Documents,27 Feb 2018 11:43:02 PM,,,,,,,,1,,,dmk16,f5:8a:f0:e4:12:91
David_W2_2017.pdf,C:\Users\dmk16\Documents\Mortgage\Submitted Documents,27 Feb 2018 11:43:02 PM,,,,,,,,1,,,dmk16,f5:8a:f0:e4:12:91
Sarah_W2_2017.pdf,C:\Users\dmk16\Documents\Mortgage\Submitted Documents,27 Feb 2018 11:43:02 PM,,,,,,,,1,,,dmk16,f5:8a:f0:e4:12:91
Sarah_W2_2016.pdf,C:\Users\dmk16\Documents\Mortgage\Submitted Documents,27 Feb 2018 11:43:02 PM,,,,,,,,1,,,dmk16,f5:8a:f0:e4:12:91
David_W2_2016.pdf,C:\Users\dmk16\Documents\Mortgage\Submitted Documents,27 Feb 2018 11:43:02 PM,,,,,,,,2,,,dmk16,f5:8a:f0:e4:12:91
WTI_main.py,C:\Users\dmk16\Documents\GitHub\Capstone_Project\Trash_Inspector\PythonApplication4,21 Feb 2018 11:31:14 PM,,,,,,,,2,,,dmk16,f5:8a:f0:e4:12:91
AddToChartOfAccounts.js,C:\Users\dmk16\Documents\GitHub\LegibleAccounting\client\src\components,25 Feb 2018 06:54:11 PM,,,,,,,,1,,,dmk16,f5:8a:f0:e4:12:91
AccountTypes.js,C:\Users\dmk16\Documents\GitHub\LegibleAccounting\client\src\api,21 Feb 2018 11:31:14 PM,,,,,,,,1,,,dmk16,f5:8a:f0:e4:12:91
cpp_reference_sheet.pdf,C:\Users\dmk16\Documents\School\Misc,21 Feb 2018 11:31:14 PM,,,,,,,,1,,,dmk16,f5:8a:f0:e4:12:91
python-registry-master.zip,C:\Users\dmk16\Downloads,21 Feb 2018 11:31:14 PM,,,,,,,,1,,,dmk16,f5:8a:f0:e4:12:91
PythonApplication3.sln,C:\Users\dmk16\source\repos\PythonApplication3,21 Feb 2018 11:31:14 PM,,,,,,,,2,,,dmk16,f5:8a:f0:e4:12:91
$I_Parse_v1.1.zip,C:\Users\dmk16\Downloads,21 Feb 2018 11:31:14 PM,,,,,,,,1,,,dmk16,f5:8a:f0:e4:12:91
File System Threat Hunting for kennesaw State Uni.pptx,C:\Users\dmk16\Documents\School\Spring 2018,15 Feb 2018 01:33:36 AM,,,,,,,,1,,,dmk16,f5:8a:f0:e4:12:91
ch01.pptx,C:\Users\dmk16\Downloads,15 Feb 2018 01:33:36 AM,,,,,,,,2,,,dmk16,f5:8a:f0:e4:12:91
ch02(1).pptx,C:\Users\dmk16\Downloads,15 Feb 2018 01:33:36 AM,,,,,,,,1,,,dmk16,f5:8a:f0:e4:12:91
SAD Lecture Notes 01-25-2018.docx,C:\Users\dmk16\Documents\School\Spring 2018,28 Jan 2018 02:02:22 AM,,,,,,,,4,,,dmk16,f7:60:0f:98:dc:6d
SAD Lecture Notes 01-23-2018.docx,C:\Users\dmk16\Documents\School\Spring 2018,15 Feb 2018 01:33:36 AM,,,,,,,,2,,,dmk16,f5:8a:f0:e4:12:91
SAD Lecture Notes 01-11-2018.docx,C:\Users\dmk16\Documents\School\Spring 2018,15 Feb 2018 01:33:36 AM,,,,,,,,2,,,dmk16,f5:8a:f0:e4:12:91
SAD Lecture Notes 01-09-2018.docx,C:\Users\dmk16\Documents\School\Spring 2018,15 Feb 2018 01:33:36 AM,,,,,,,,1,,,dmk16,f5:8a:f0:e4:12:91
shell.sh,C:\Users\dmk16\Documents\GitHub\LegibleAccounting\server\utils,10 Feb 2018 04:54:35 PM,,,,,,,,1,,,dmk16,81:f1:74:db:94:fc
README.md,C:\Users\dmk16\Documents\GitHub\LegibleAccounting,10 Feb 2018 04:54:35 PM,,,,,,,,1,,,dmk16,81:f1:74:db:94:fc
pylnker.py,C:\Users\dmk16\Documents\GitHub\Capstone_Project,28 Jan 2018 02:02:22 AM,,,,,,,,6,,,dmk16,f7:60:0f:98:dc:6d
source-archive.zip,C:\Users\dmk16\Downloads,07 Feb 2018 12:31:26 AM,,,,,,,,1,,,dmk16,f7:60:0f:98:dc:6d
README.md,C:\Users\dmk16\Documents\GitHub\Capstone_Project\JumpListParser-master,03 Feb 2018 04:10:36 PM,,,,,,,,3,,,dmk16,f7:60:0f:98:dc:6d
JumpListParser.py,C:\Users\dmk16\Documents\GitHub\Capstone_Project\JumpListParser-master,28 Jan 2018 02:02:22 AM,,,,,,,,2,,,dmk16,f7:60:0f:98:dc:6d
Sample Project Plan.doc,C:\Users\dmk16\Downloads,03 Feb 2018 04:10:36 PM,,,,,,,,1,,,dmk16,f7:60:0f:98:dc:6d
Comprehensive_Project.docx,C:\Users\dmk16\Downloads,03 Feb 2018 04:10:36 PM,,,,,,,,1,,,dmk16,f7:60:0f:98:dc:6d
Specific Instructions for Form 1098-T.docx,C:\Users\dmk16\Downloads,28 Jan 2018 02:02:22 AM,,,,,,,,1,,,dmk16,f7:60:0f:98:dc:6d
Obtaining Your 1098-T.docx,C:\Users\dmk16\Downloads,28 Jan 2018 02:02:22 AM,,,,,,,,1,,,dmk16,f7:60:0f:98:dc:6d
JumpListParser-master.zip,C:\Users\dmk16\Downloads,28 Jan 2018 02:02:22 AM,,,,,,,,1,,,dmk16,f7:60:0f:98:dc:6d
pylnker-master.zip,C:\Users\dmk16\Downloads,28 Jan 2018 02:02:22 AM,,,,,,,,1,,,dmk16,f7:60:0f:98:dc:6d
PythonApplication1.py,C:\Users\dmk16\source\repos\PythonApplication1\PythonApplication1,28 Jan 2018 02:02:22 AM,,,,,,,,2,,,dmk16,f7:60:0f:98:dc:6d
PythonApplication1.sln,C:\Users\dmk16\source\repos\PythonApplication1,28 Jan 2018 02:02:22 AM,,,,,,,,3,,,dmk16,f7:60:0f:98:dc:6d
Capstone_Project-master.zip,C:\Users\dmk16\Downloads,28 Jan 2018 02:02:22 AM,,,,,,,,1,,,dmk16,f7:60:0f:98:dc:6d
GlobalCatalog.wbcat,E:\DESKTOP-I203TMJ\Backup Set 2017-12-09 084835\Catalogs,14 Mar 2018 11:31:28 PM,,,,,,,,1,,,,ac:eb:b3:12:b0:75
LNK-Inspector.py,C:\Users\dmk16\Documents\GitHub\Capstone_Project\LNK_Inspector\PythonApplication2,18 Apr 2018 10:35:59 PM,,,,,,,,4,,,dmk16,99:88:1b:dc:e3:b8
JumpListParser.py,C:\Users\dmk16\Documents\GitHub\Capstone_Project,18 Apr 2018 10:35:59 PM,,,,,,,,1,,,dmk16,99:88:1b:dc:e3:b8
AppCompatCacheResults.csv,C:\Users\dmk16\Documents,18 Apr 2018 10:35:59 PM,,,,,,,,1,,,dmk16,99:88:1b:dc:e3:b8
AppCompatCacheInspector.py,C:\Users\dmk16\Documents\GitHub\Capstone_Project,18 Apr 2018 10:35:59 PM,,,,,,,,4,,,dmk16,99:88:1b:dc:e3:b8
AM_BASE_PATCH1.csv,C:\Users\dmk16\Documents\Prefetch_Results,18 Apr 2018 10:35:59 PM,,,,,,,,1,,,dmk16,99:88:1b:dc:e3:b8
PrefetchInspector.py,C:\Users\dmk16\Documents\GitHub\Capstone_Project,02 Apr 2018 03:28:27 PM,,,,,,,,2,,,dmk16,ea:f2:11:28:df:f3
PythonApplication2.py,C:\Users\dmk16\source\repos\PythonApplication2\PythonApplication2,30 Mar 2018 09:23:28 PM,,,,,,,,1,,,dmk16,ea:f2:11:28:df:f3
Error_Occurred_117661.txt,C:\Users\dmk16\source\repos\PythonApplication2\PythonApplication2\Errors,06 Apr 2018 06:50:51 PM,,,,,,,,1,,,dmk16,ea:f2:11:28:df:f3
Error_Occurred_225789.txt,C:\Users\dmk16\source\repos\PythonApplication2\PythonApplication2\Errors,06 Apr 2018 06:50:51 PM,,,,,,,,1,,,dmk16,ea:f2:11:28:df:f3
Error_Occurred_198301.txt,C:\Users\dmk16\source\repos\PythonApplication2\PythonApplication2\Errors,06 Apr 2018 06:50:51 PM,,,,,,,,1,,,dmk16,ea:f2:11:28:df:f3
Error_Occurred_203731.txt,C:\Users\dmk16\source\repos\PythonApplication2\PythonApplication2\Errors,06 Apr 2018 06:50:51 PM,,,,,,,,1,,,dmk16,ea:f2:11:28:df:f3
Error_Occurred_204929.txt,C:\Users\dmk16\source\repos\PythonApplication2\PythonApplication2\Errors,06 Apr 2018 06:50:51 PM,,,,,,,,1,,,dmk16,ea:f2:11:28:df:f3
Error_Occurred_204928.txt,C:\Users\dmk16\source\repos\PythonApplication2\PythonApplication2\Errors,06 Apr 2018 06:50:51 PM,,,,,,,,1,,,dmk16,ea:f2:11:28:df:f3
Error_Occurred_187382.txt,C:\Users\dmk16\source\repos\PythonApplication2\PythonApplication2\Errors,06 Apr 2018 06:50:51 PM,,,,,,,,1,,,dmk16,ea:f2:11:28:df:f3
Error_Occurred_154.txt,C:\Users\dmk16\source\repos\PythonApplication2\PythonApplication2\Errors,06 Apr 2018 06:50:51 PM,,,,,,,,4,,,dmk16,ea:f2:11:28:df:f3
Error_Occurred_16.txt,C:\Users\dmk16\source\repos\PythonApplication2\PythonApplication2\Errors,06 Apr 2018 06:50:51 PM,,,,,,,,8,,,dmk16,ea:f2:11:28:df:f3
Error_Occurred_23.txt,C:\Users\dmk16\source\repos\PythonApplication2\PythonApplication2\Errors,06 Apr 2018 06:50:51 PM,,,,,,,,2,,,dmk16,ea:f2:11:28:df:f3
Error_Occurred_807.txt,C:\Users\dmk16\source\repos\PythonApplication2\PythonApplication2\Errors,06 Apr 2018 06:50:51 PM,,,,,,,,1,,,dmk16,ea:f2:11:28:df:f3
Error_Occurred_2684.txt,C:\Users\dmk16\source\repos\PythonApplication2\PythonApplication2\Errors,06 Apr 2018 06:50:51 PM,,,,,,,,1,,,dmk16,ea:f2:11:28:df:f3
Error_Occurred_6840.txt,C:\Users\dmk16\source\repos\PythonApplication2\PythonApplication2\Errors,06 Apr 2018 06:50:51 PM,,,,,,,,1,,,dmk16,ea:f2:11:28:df:f3
Error_Occurred_672.txt,C:\Users\dmk16\source\repos\PythonApplication2\PythonApplication2\Errors,06 Apr 2018 06:50:51 PM,,,,,,,,1,,,dmk16,ea:f2:11:28:df:f3
Error_Occurred_169.txt,C:\Users\dmk16\source\repos\PythonApplication2\PythonApplication2\Errors,06 Apr 2018 06:50:51 PM,,,,,,,,1,,,dmk16,ea:f2:11:28:df:f3
Error_Occurred_18.txt,C:\Users\dmk16\source\repos\PythonApplication2\PythonApplication2\Errors,06 Apr 2018 06:50:51 PM,,,,,,,,1,,,dmk16,ea:f2:11:28:df:f3
Error_Occurred_17.txt,C:\Users\dmk16\source\repos\PythonApplication2\PythonApplication2\Errors,06 Apr 2018 06:50:51 PM,,,,,,,,2,,,dmk16,ea:f2:11:28:df:f3
Error_Occurred_328016.txt,C:\Users\dmk16\source\repos\PythonApplication2\PythonApplication2\Errors,06 Apr 2018 06:50:51 PM,,,,,,,,1,,,dmk16,ea:f2:11:28:df:f3
Error_Occurred_236211.txt,C:\Users\dmk16\source\repos\PythonApplication2\PythonApplication2\Errors,06 Apr 2018 06:50:51 PM,,,,,,,,1,,,dmk16,ea:f2:11:28:df:f3
Error_Occurred_236218.txt,C:\Users\dmk16\source\repos\PythonApplication2\PythonApplication2\Errors,06 Apr 2018 06:50:51 PM,,,,,,,,1,,,dmk16,ea:f2:11:28:df:f3
Error_Occurred_236217.txt,C:\Users\dmk16\source\repos\PythonApplication2\PythonApplication2\Errors,06 Apr 2018 06:50:51 PM,,,,,,,,1,,,dmk16,ea:f2:11:28:df:f3
Error_Occurred_641.txt,C:\Users\dmk16\source\repos\PythonApplication2\PythonApplication2\Errors,06 Apr 2018 06:50:51 PM,,,,,,,,1,,,dmk16,ea:f2:11:28:df:f3
Error_Occurred_1.txt,C:\Users\dmk16\source\repos\PythonApplication2\PythonApplication2\Errors,06 Apr 2018 06:50:51 PM,,,,,,,,1,,,dmk16,ea:f2:11:28:df:f3
README.md,C:\Users\dmk16\Desktop\sleuthkit-4.6.0,02 Apr 2018 03:28:27 PM,,,,,,,,2,,,dmk16,ea:f2:11:28:df:f3
README.txt,C:\Users\dmk16\Desktop\sleuthkit-4.6.0\docs,02 Apr 2018 03:28:27 PM,,,,,,,,1,,,dmk16,ea:f2:11:28:df:f3
factories.py,C:\Users\dmk16\Desktop\ntfs_parse-master\ntfs_parse\mft,02 Apr 2018 03:28:27 PM,,,,,,,,1,,,dmk16,ea:f2:11:28:df:f3
NTFS_File_Extractor.au3,C:\Users\dmk16\Desktop\NtfsFileExtractor-master,02 Apr 2018 03:28:27 PM,,,,,,,,1,,,dmk16,ea:f2:11:28:df:f3
MFT Parser Code for later.txt,C:\Users\dmk16\Desktop,18 Mar 2018 08:49:41 PM,,,,,,,,6,,,dmk16,ac:eb:b3:12:b0:75
LogFileParser.au3,C:\Users\dmk16\Desktop\LogFileParser-master\LogFileParser-master,02 Apr 2018 03:28:27 PM,,,,,,,,1,,,dmk16,ea:f2:11:28:df:f3
2018-04-05_14-27-46.log,C:\Users\dmk16\Desktop\NtfsFileExtractor-master,02 Apr 2018 03:28:27 PM,,,,,,,,1,,,dmk16,ea:f2:11:28:df:f3
readme.txt,C:\Users\dmk16\Desktop\LogFileParser-master\LogFileParser-master,02 Apr 2018 03:28:27 PM,,,,,,,,1,,,dmk16,ea:f2:11:28:df:f3
Parse Logfile Restart Area Code.txt,C:\Users\dmk16\Desktop,18 Mar 2018 08:49:41 PM,,,,,,,,1,,,dmk16,ac:eb:b3:12:b0:75
WTI_main.py,C:\Users\dmk16\Desktop,18 Mar 2018 08:49:41 PM,,,,,,,,1,,,dmk16,ac:eb:b3:12:b0:75
LNK-Inspector.py,C:\Users\dmk16\Desktop,18 Mar 2018 08:49:41 PM,,,,,,,,1,,,dmk16,ac:eb:b3:12:b0:75
New Text Document.txt,C:\Users\dmk16\Desktop,28 Jan 2018 02:02:22 AM,,,,,,,,4,,,dmk16,f7:60:0f:98:dc:6d
ShellbagData.txt,C:\Users\dmk16\Desktop,09 Mar 2018 12:34:06 AM,,,,,,,,4,,,dmk16,ac:eb:b3:12:b0:75
README.md,C:\Users\dmk16\Documents\GitHub\Capstone_Project\JumpListParserTest,03 Mar 2018 05:15:59 PM,,,,,,,,1,,,dmk16,ac:eb:b3:12:b0:75
testOutFile.txt,C:\Users\dmk16\Desktop,21 Feb 2018 11:31:14 PM,,,,,,,,2,,,dmk16,f5:8a:f0:e4:12:91
README.md,C:\Users\dmk16\Documents\GitHub\LegibleAccounting,10 Feb 2018 04:54:35 PM,,,,,,,,1,,,dmk16,81:f1:74:db:94:fc
myScript.js.txt,C:\Users\dmk16\Desktop,10 Feb 2018 04:54:35 PM,,,,,,,,1,,,dmk16,81:f1:74:db:94:fc
Sample - Klein.html,C:\Users\dmk16\Desktop,10 Feb 2018 04:54:35 PM,,,,,,,,3,,,dmk16,81:f1:74:db:94:fc
myStyle.css,C:\Users\dmk16\Desktop,10 Feb 2018 04:54:35 PM,,,,,,,,3,,,dmk16,81:f1:74:db:94:fc
lnk-parse-1.0.pl,C:\Users\dmk16\Desktop,07 Feb 2018 12:31:26 AM,,,,,,,,2,,,dmk16,f7:60:0f:98:dc:6d
README.md,C:\Users\dmk16\Desktop\pylnker-master,07 Feb 2018 12:31:26 AM,,,,,,,,1,,,dmk16,f7:60:0f:98:dc:6d
README.md,C:\Users\dmk16\Documents\GitHub\Capstone_Project\JumpListParser-master,03 Feb 2018 04:10:36 PM,,,,,,,,2,,,dmk16,f7:60:0f:98:dc:6d
pylnker.py,C:\Users\dmk16\Desktop\pylnker-master,28 Jan 2018 02:02:22 AM,,,,,,,,1,,,dmk16,f7:60:0f:98:dc:6d
Test.py,C:\Users\dmk16\Desktop,28 Jan 2018 02:02:22 AM,,,,,,,,3,,,dmk16,f7:60:0f:98:dc:6d
Rent Check 4-2017.jpg,C:\Users\dmk16\Desktop,03 Mar 2018 05:15:59 PM,,,,,,,,1,,,dmk16,ac:eb:b3:12:b0:75
WFS GUI Mockup.proj,C:\Users\dmk16\Documents\GitHub\Capstone_Project\WFS GUI Mockup\WFS GUI Mockup,14 Mar 2018 11:31:28 PM,,,,,,,,1,,,dmk16,ac:eb:b3:12:b0:75
WFS GUI Mockup.proj,C:\Users\dmk16\Desktop\WFS GUI Mockup\WFS GUI Mockup,14 Mar 2018 11:31:28 PM,,,,,,,,1,,,dmk16,ac:eb:b3:12:b0:75
AM_DELTA_PATCH_1.265.768..csv,C:\Users\dmk16\Documents\Prefetch_Results,18 Apr 2018 10:35:59 PM,,,,,,,,1,,,dmk16,99:88:1b:dc:e3:b8
AppCompatCacheResults.csv,C:\Users\dmk16\Documents,18 Apr 2018 10:35:59 PM,,,,,,,,4,,,dmk16,99:88:1b:dc:e3:b8
LNKData.csv,C:\Users\dmk16\Documents\GitHub\Capstone_Project\LNK_Inspector\PythonApplication2,03 Mar 2018 05:15:59 PM,,,,,,,,19,,,dmk16,ac:eb:b3:12:b0:75
MFT_Out.csv,C:\Users\dmk16\source\repos\PythonApplication2\PythonApplication2,02 Apr 2018 03:28:27 PM,,,,,,,,12,,,dmk16,ea:f2:11:28:df:f3
LogFile.csv,C:\Users\dmk16\Desktop\LogFileParser-master\LogFileParser-master\LogFile_2018-04-05_14-39-19,02 Apr 2018 03:28:27 PM,,,,,,,,1,,,dmk16,ea:f2:11:28:df:f3
trashData.csv,C:\Users\dmk16\Desktop,09 Mar 2018 12:34:06 AM,,,,,,,,8,,,dmk16,ac:eb:b3:12:b0:75
LNKData.csv,C:\Users\dmk16\Desktop,09 Mar 2018 12:34:06 AM,,,,,,,,9,,,dmk16,ac:eb:b3:12:b0:75
LNKData.csv,C:\Users\dmk16\Documents\GitHub\Capstone_Project,18 Mar 2018 08:49:41 PM,,,,,,,,1,,,dmk16,ac:eb:b3:12:b0:75
trashData.csv,C:\Users\dmk16\Documents\GitHub\Capstone_Project,18 Mar 2018 08:49:41 PM,,,,,,,,1,,,dmk16,ac:eb:b3:12:b0:75
trashData.csv,C:\Users\dmk16\Documents\GitHub\Capstone_Project\Trash_Inspector\PythonApplication4,03 Mar 2018 05:15:59 PM,,,,,,,,1,,,dmk16,ac:eb:b3:12:b0:75
LinkFiles.csv,C:\Users\dmk16\Documents\GitHub\Capstone_Project\JumpListParserTest\JumpListParserTest\26e07dcb0912b99a,03 Mar 2018 05:15:59 PM,,,,,,,,1,,,dmk16,ac:eb:b3:12:b0:75
DestList.csv,C:\Users\dmk16\Documents\GitHub\Capstone_Project\JumpListParserTest\JumpListParserTest\26e07dcb0912b99a,03 Mar 2018 05:15:59 PM,,,,,,,,1,,,dmk16,ac:eb:b3:12:b0:75
trashFile.csv,C:\Users\dmk16\source\repos\PythonApplication4\PythonApplication4,03 Mar 2018 05:15:59 PM,,,,,,,,5,,,dmk16,ac:eb:b3:12:b0:75
Esp.vhdx,E:\WindowsImageBackup\DESKTOP-I203TMJ\Backup 2017-12-09 134840,14 Mar 2018 11:31:28 PM,,,,,,,,1,,,,ac:eb:b3:12:b0:75
be500b77-27bb-40bc-b224-830bbaef58bc.vhdx,E:\WindowsImageBackup\DESKTOP-I203TMJ\Backup 2017-12-09 134840,14 Mar 2018 11:31:28 PM,,,,,,,,1,,,,ac:eb:b3:12:b0:75
6d84362e-3d5a-4ddb-ad67-1fb68f1742a7.vhdx,E:\WindowsImageBackup\DESKTOP-I203TMJ\Backup 2017-12-09 134840,14 Mar 2018 11:31:28 PM,,,,,,,,1,,,,ac:eb:b3:12:b0:75
poster-template-horizontal-3.ppt,C:\Users\dmk16\Downloads,15 Apr 2018 01:29:36 PM,,,,,,,,1,,,dmk16,ea:f2:11:28:df:f3
Template 2.pptx,C:\Users\dmk16\Downloads,15 Apr 2018 01:29:36 PM,,,,,,,,1,,,dmk16,ea:f2:11:28:df:f3
Template 1.pptx,C:\Users\dmk16\Downloads,15 Apr 2018 01:29:36 PM,,,,,,,,1,,,dmk16,ea:f2:11:28:df:f3
File System Threat Hunting for kennesaw State Uni.pptx,C:\Users\dmk16\Documents\School\Spring 2018,15 Feb 2018 01:33:36 AM,,,,,,,,1,,,dmk16,f5:8a:f0:e4:12:91
ch01.pptx,C:\Users\dmk16\Downloads,15 Feb 2018 01:33:36 AM,,,,,,,,2,,,dmk16,f5:8a:f0:e4:12:91
sleuthkit-4.6.0.tar.gz,C:\Users\dmk16\Downloads,02 Apr 2018 03:28:27 PM,,,,,,,,1,,,dmk16,ea:f2:11:28:df:f3
DataAggregatorByDate.sln,C:\Users\dmk16\Documents\GitHub\Capstone_Project\DataAggregatorByDate,02 Apr 2018 03:28:27 PM,,,,,,,,2,,,dmk16,ea:f2:11:28:df:f3
PythonApplication5.sln,C:\Users\dmk16\source\repos\PythonApplication5,18 Apr 2018 10:35:59 PM,,,,,,,,1,,,dmk16,99:88:1b:dc:e3:b8
LNK_File_Parser.sln,C:\Users\dmk16\Documents\GitHub\Capstone_Project\LNK_Inspector,03 Mar 2018 05:15:59 PM,,,,,,,,9,,,dmk16,ac:eb:b3:12:b0:75
Shellbags_Parser.sln,C:\Users\dmk16\source\repos\Shellbags_Parser,25 Feb 2018 06:54:11 PM,,,,,,,,7,,,dmk16,f5:8a:f0:e4:12:91
PythonApplication2.sln,C:\Users\dmk16\source\repos\PythonApplication2,30 Mar 2018 09:23:28 PM,,,,,,,,4,,,dmk16,ea:f2:11:28:df:f3
Logfile_Parser.sln,C:\Users\dmk16\Documents\GitHub\Capstone_Project\Logfile_Parser,14 Mar 2018 11:31:28 PM,,,,,,,,7,,,dmk16,ac:eb:b3:12:b0:75
PythonApplication4.sln,C:\Users\dmk16\source\repos\PythonApplication4,02 Apr 2018 03:28:27 PM,,,,,,,,1,,,dmk16,ea:f2:11:28:df:f3
WindowsTrashInspector.sln,C:\Users\dmk16\Documents\GitHub\Capstone_Project\Trash_Inspector,03 Mar 2018 05:15:59 PM,,,,,,,,6,,,dmk16,ac:eb:b3:12:b0:75
Shell_Bags_Inspector_UsrClass.sln,C:\Users\dmk16\source\repos\Shell_Bags_Inspector_UsrClass,09 Mar 2018 12:34:06 AM,,,,,,,,2,,,dmk16,ac:eb:b3:12:b0:75
PrefetchTest1.sln,C:\Users\dmk16\Documents\GitHub\Capstone_Project\PrefetchTest1,10 Feb 2018 04:54:35 PM,,,,,,,,5,,,dmk16,81:f1:74:db:94:fc
JumpListParserTest.sln,C:\Users\dmk16\Documents\GitHub\Capstone_Project\JumpListParserTest,03 Mar 2018 05:15:59 PM,,,,,,,,1,,,dmk16,ac:eb:b3:12:b0:75
LNK_File_Parser.sln,C:\Users\dmk16\source\repos,10 Feb 2018 04:54:35 PM,,,,,,,,8,,,dmk16,81:f1:74:db:94:fc
WindowsTrashInspector.sln,C:\Users\dmk16\source\repos\PythonApplication4,21 Feb 2018 11:31:14 PM,,,,,,,,11,,,dmk16,f5:8a:f0:e4:12:91
PythonApplication3.sln,C:\Users\dmk16\source\repos\PythonApplication3,21 Feb 2018 11:31:14 PM,,,,,,,,2,,,dmk16,f5:8a:f0:e4:12:91
PythonApplication1.sln,C:\Users\dmk16\source\repos\PythonApplication1,28 Jan 2018 02:02:22 AM,,,,,,,,2,,,dmk16,f7:60:0f:98:dc:6d
Prefetch_Results,C:\Users\dmk16\Documents,18 Apr 2018 10:35:59 PM,,,,,,,,3,,,dmk16,99:88:1b:dc:e3:b8
PythonApplication2,C:\Users\dmk16\Documents\GitHub\Capstone_Project\LNK_Inspector,03 Mar 2018 05:15:59 PM,,,,,,,,27,,,dmk16,ac:eb:b3:12:b0:75
Capstone_Project,C:\Users\dmk16\Documents\GitHub,03 Feb 2018 04:10:36 PM,,,,,,,,18,,,dmk16,f7:60:0f:98:dc:6d
knownfolder:{FDD39AD0-238F-46AF-ADB4-6C85480369C7},knownfolder:{FDD39AD0-238F-46AF-ADB4-6C85480369C7,28 Jan 2018 01:45:49 AM,,,,,,,,14,,,,d7:f2:ac:db:38:95
DataAggregatorByDate,C:\Users\dmk16\Documents\GitHub\Capstone_Project,18 Apr 2018 10:35:59 PM,,,,,,,,1,,,dmk16,99:88:1b:dc:e3:b8
PythonApplication5,C:\Users\dmk16\source\repos,18 Apr 2018 10:35:59 PM,,,,,,,,1,,,dmk16,99:88:1b:dc:e3:b8
python,C:\Users\dmk16\Desktop\sleuthkit-4.6.0\framework\modules\c_FileTypeSigModule\file-5.08,18 Apr 2018 10:35:59 PM,,,,,,,,1,,,dmk16,99:88:1b:dc:e3:b8
LNK_Inspector,C:\Users\dmk16\Documents\GitHub\Capstone_Project,03 Mar 2018 05:15:59 PM,,,,,,,,11,,,dmk16,ac:eb:b3:12:b0:75
knownfolder:{374DE290-123F-4565-9164-39C4925E467B},knownfolder:{374DE290-123F-4565-9164-39C4925E467B,28 Jan 2018 01:45:49 AM,,,,,,,,16,,,,d7:f2:ac:db:38:95
api,C:\Users\dmk16\Documents\GitHub\LegibleAccounting\client\src,21 Feb 2018 11:31:14 PM,,,,,,,,2,,,dmk16,f5:8a:f0:e4:12:91
Taxes - 2018,C:\Users\dmk16\Documents,15 Apr 2018 01:29:36 PM,,,,,,,,1,,,dmk16,ea:f2:11:28:df:f3
Realtor Documents,C:\Users\dmk16\Documents\Mortgage,06 Apr 2018 06:50:51 PM,,,,,,,,6,,,dmk16,ea:f2:11:28:df:f3
PythonApplication2,C:\Users\dmk16\source\repos\PythonApplication2,02 Apr 2018 03:28:27 PM,,,,,,,,14,,,dmk16,ea:f2:11:28:df:f3
Spring 2018,C:\Users\dmk16\Documents\School,28 Jan 2018 02:02:22 AM,,,,,,,,36,,,dmk16,f7:60:0f:98:dc:6d
Mortgage,C:\Users\dmk16\Documents,27 Feb 2018 11:43:02 PM,,,,,,,,9,,,dmk16,f5:8a:f0:e4:12:91
Shellbags_Parser,C:\Users\dmk16\source\repos,25 Feb 2018 06:54:11 PM,,,,,,,,7,,,dmk16,f5:8a:f0:e4:12:91
DataAggregatorByDate,C:\Users\dmk16\Desktop,02 Apr 2018 03:28:27 PM,,,,,,,,2,,,dmk16,ea:f2:11:28:df:f3
knownfolder:{754AC886-DF64-4CBA-86B5-F7FBF4FBCEF5},knownfolder:{754AC886-DF64-4CBA-86B5-F7FBF4FBCEF5,28 Jan 2018 01:45:49 AM,,,,,,,,95,,,,d7:f2:ac:db:38:95
Capstone - File Metadata Descriptions.docx,C:\Users\dmk16\Documents\School\Spring 2018,02 Apr 2018 03:28:27 PM,,,,,,,,18,,,dmk16,ea:f2:11:28:df:f3
David Klein - Group Evaluation Form - SWE 4713.docx,C:\Users\dmk16\Documents\School\Spring 2018,18 Mar 2018 08:49:41 PM,,,,,,,,2,,,dmk16,ac:eb:b3:12:b0:75
Project team member evaluation - V1.pdf,C:\Users\dmk16\Downloads,18 Mar 2018 08:49:41 PM,,,,,,,,2,,,dmk16,ac:eb:b3:12:b0:75
C-Day Submission Key Fields.docx,C:\Users\dmk16\Documents\School\Spring 2018,18 Mar 2018 08:49:41 PM,,,,,,,,2,,,dmk16,ac:eb:b3:12:b0:75
SAD Lecture Notes 01-25-2018.docx,C:\Users\dmk16\Documents\School\Spring 2018,28 Jan 2018 02:02:22 AM,,,,,,,,4,,,dmk16,f7:60:0f:98:dc:6d
