File,Created,Accessed,Modified,Target Size (bytes),Target is on:,Volume Type,Volume Serial,Volume Label,Target File Path,
C:\Users\dmk16\AppData\Roaming\Microsoft\Windows\Recent\$I_Parse_v1.1.lnk,2018-02-23 17:53:29.891712,2018-02-23 17:53:29.891712,2018-02-23 17:53:32.592344,19121,Local volume,Fixed (Hard Disk),1cbd9382,,C:\Users\dmk16\Downloads\$I_Parse_v1.1.zip
C:\Users\dmk16\AppData\Roaming\Microsoft\Windows\Recent\26e07dcb0912b99a.lnk,2018-03-04 11:35:39.027699,2018-03-04 11:35:39.027699,2018-03-04 11:35:39.054905,0,Local volume,Fixed (Hard Disk),1cbd9382,,C:\Users\dmk16\Documents\GitHub\Capstone_Project\JumpListParserTest\JumpListParserTest\26e07dcb0912b99a
C:\Users\dmk16\AppData\Roaming\Microsoft\Windows\Recent\AccountTypes.lnk,,,,0,Local volume,Fixed (Hard Disk),1cbd9382,,C:\Users\dmk16\Documents\GitHub\LegibleAccounting\client\src\api\AccountTypes.js
C:\Users\dmk16\AppData\Roaming\Microsoft\Windows\Recent\AddToChartOfAccounts (2).lnk,,,,0,Local volume,Fixed (Hard Disk),1cbd9382,,C:\Users\dmk16\Documents\GitHub\LegibleAccounting\client\src\components\AddToChartOfAccounts.css
C:\Users\dmk16\AppData\Roaming\Microsoft\Windows\Recent\AddToChartOfAccounts.lnk,,,,0,Local volume,Fixed (Hard Disk),1cbd9382,,C:\Users\dmk16\Documents\GitHub\LegibleAccounting\client\src\components\AddToChartOfAccounts.js
C:\Users\dmk16\AppData\Roaming\Microsoft\Windows\Recent\api.lnk,2018-02-21 16:05:24.627090,2018-02-21 16:05:24.627090,2018-02-25 11:48:44.035076,4096,Local volume,Fixed (Hard Disk),1cbd9382,,C:\Users\dmk16\Documents\GitHub\LegibleAccounting\client\src\api
C:\Users\dmk16\AppData\Roaming\Microsoft\Windows\Recent\BinaryParser.lnk,,,,0,Local volume,Fixed (Hard Disk),1cbd9382,,C:\Users\dmk16\source\repos\PythonApplication3\PythonApplication3\BinaryParser.py
C:\Users\dmk16\AppData\Roaming\Microsoft\Windows\Recent\Capstone_Project-master.lnk,2018-01-28 15:23:59.121895,2018-01-28 15:23:59.121895,2018-01-28 15:23:59.391102,13259,Local volume,Fixed (Hard Disk),1cbd9382,,C:\Users\dmk16\Downloads\Capstone_Project-master.zip
C:\Users\dmk16\AppData\Roaming\Microsoft\Windows\Recent\Capstone_Project.lnk,2018-01-31 19:28:25.413084,2018-01-31 19:28:25.413084,2018-02-11 00:36:47.015612,4096,Local volume,Fixed (Hard Disk),1cbd9382,,C:\Users\dmk16\Documents\GitHub\Capstone_Project
C:\Users\dmk16\AppData\Roaming\Microsoft\Windows\Recent\ch01.lnk,2018-02-15 16:58:15.096907,2018-02-15 16:58:15.096907,2018-02-15 16:58:20.287014,6038944,Local volume,Fixed (Hard Disk),1cbd9382,,C:\Users\dmk16\Downloads\ch01.pptx
C:\Users\dmk16\AppData\Roaming\Microsoft\Windows\Recent\ch02(1).lnk,2018-02-15 17:24:00.664169,2018-02-15 17:24:00.664169,2018-02-15 17:24:05.260010,4891729,Local volume,Fixed (Hard Disk),1cbd9382,,C:\Users\dmk16\Downloads\ch02(1).pptx
C:\Users\dmk16\AppData\Roaming\Microsoft\Windows\Recent\components.lnk,2018-02-27 18:41:39.330585,2018-02-27 18:41:39.330585,2018-03-04 13:00:31.651270,8192,Local volume,Fixed (Hard Disk),1cbd9382,,C:\Users\dmk16\Documents\GitHub\LegibleAccounting\client\src\components
C:\Users\dmk16\AppData\Roaming\Microsoft\Windows\Recent\Comprehensive_Project.lnk,2018-02-03 18:05:24.241512,2018-02-03 18:05:24.241512,2018-02-03 18:05:24.535900,48534,Local volume,Fixed (Hard Disk),1cbd9382,,C:\Users\dmk16\Downloads\Comprehensive_Project.docx
C:\Users\dmk16\AppData\Roaming\Microsoft\Windows\Recent\cpp_reference_sheet.lnk,2018-01-30 18:39:04.748209,2018-01-30 18:39:04.748209,2016-02-22 20:31:20,930918,Local volume,Fixed (Hard Disk),1cbd9382,,C:\Users\dmk16\Documents\School\Misc\cpp_reference_sheet.pdf
C:\Users\dmk16\AppData\Roaming\Microsoft\Windows\Recent\David and Sarah.lnk,2015-12-19 03:06:58.020000,2015-12-19 03:06:58.020000,2010-10-10 15:21:04,79755,Local volume,Removable (Floppy-Zip-USB-etc.),0c0b0346,,E:\Backup\Pictures\David and Sarah.jpg
C:\Users\dmk16\AppData\Roaming\Microsoft\Windows\Recent\David_and_Sarah_Mortgage_Application_Documents.lnk,2018-03-01 22:44:33.502184,2018-03-01 22:44:33.502184,2018-03-01 22:45:18.872538,9923023,Local volume,Fixed (Hard Disk),1cbd9382,,C:\Users\dmk16\Documents\Mortgage\David_and_Sarah_Mortgage_Application_Documents.pdf
C:\Users\dmk16\AppData\Roaming\Microsoft\Windows\Recent\David_and_Sarah_Mortgage_Application_Documents_UNSIGNED.lnk,2018-03-03 10:41:07.326590,2018-03-03 10:41:07.326590,2018-03-03 10:41:07.857059,6554527,Local volume,Fixed (Hard Disk),1cbd9382,,C:\Users\dmk16\Documents\Mortgage\David_and_Sarah_Mortgage_Application_Documents_UNSIGNED.pdf
C:\Users\dmk16\AppData\Roaming\Microsoft\Windows\Recent\David_Paystub_02-09-2018.lnk,2018-03-01 22:10:10.205591,2018-03-01 22:10:10.205591,2018-03-01 22:10:10.400593,19481,Local volume,Fixed (Hard Disk),1cbd9382,,C:\Users\dmk16\Desktop\David_Paystub_02-09-2018.pdf
C:\Users\dmk16\AppData\Roaming\Microsoft\Windows\Recent\David_Paystub_02-23-2018.lnk,2018-03-01 22:10:13.687288,2018-03-01 22:10:13.687288,2018-03-01 22:10:13.848326,20057,Local volume,Fixed (Hard Disk),1cbd9382,,C:\Users\dmk16\Desktop\David_Paystub_02-23-2018.pdf
C:\Users\dmk16\AppData\Roaming\Microsoft\Windows\Recent\David_Sarah_GovernmentIDs.lnk,2018-03-01 22:15:52.657305,2018-03-01 22:15:52.657305,2018-03-01 22:15:04,446632,Local volume,Fixed (Hard Disk),1cbd9382,,C:\Users\dmk16\Desktop\David_Sarah_GovernmentIDs.pdf
C:\Users\dmk16\AppData\Roaming\Microsoft\Windows\Recent\David_W2_2016.lnk,2018-03-01 22:07:01.060200,2018-03-01 22:07:01.060200,2018-03-01 22:00:48,312550,Local volume,Fixed (Hard Disk),1cbd9382,,C:\Users\dmk16\Desktop\David_W2_2016.pdf
C:\Users\dmk16\AppData\Roaming\Microsoft\Windows\Recent\David_W2_2017.lnk,2018-03-01 22:09:33.449299,2018-03-01 22:09:33.449299,2018-03-01 22:09:33.818972,289315,Local volume,Fixed (Hard Disk),1cbd9382,,C:\Users\dmk16\Desktop\David_W2_2017.pdf
C:\Users\dmk16\AppData\Roaming\Microsoft\Windows\Recent\Desktop.lnk,2018-01-27 20:48:27.446310,2018-01-27 20:48:27.446310,2018-01-31 10:43:37.804607,4096,Local volume,Fixed (Hard Disk),1cbd9382,,C:\Users\dmk16\Desktop
C:\Users\dmk16\AppData\Roaming\Microsoft\Windows\Recent\DestList.lnk,2018-03-04 11:35:39.054905,2018-03-04 11:35:39.054905,2018-03-04 11:35:39.078796,932,Local volume,Fixed (Hard Disk),1cbd9382,,C:\Users\dmk16\Documents\GitHub\Capstone_Project\JumpListParserTest\JumpListParserTest\26e07dcb0912b99a\DestList.csv
C:\Users\dmk16\AppData\Roaming\Microsoft\Windows\Recent\Discord.lnk,2018-01-27 22:13:42.064409,2018-01-27 22:13:42.064409,2018-01-27 22:15:25.190071,4096,Local volume,Fixed (Hard Disk),1cbd9382,,C:\Users\dmk16\AppData\Local\Discord
C:\Users\dmk16\AppData\Roaming\Microsoft\Windows\Recent\Documents.lnk,2018-01-27 20:48:27.446310,2018-01-27 20:48:27.446310,2018-03-01 22:37:14.946016,4096,Local volume,Fixed (Hard Disk),1cbd9382,,C:\Users\dmk16\Documents
C:\Users\dmk16\AppData\Roaming\Microsoft\Windows\Recent\Downloads.lnk,2018-01-27 20:48:27.446310,2018-01-27 20:48:27.446310,2018-03-08 19:53:22.256865,12288,Local volume,Fixed (Hard Disk),1cbd9382,,C:\Users\dmk16\Downloads
C:\Users\dmk16\AppData\Roaming\Microsoft\Windows\Recent\favicon.lnk,,,,0,Local volume,Fixed (Hard Disk),1cbd9382,,C:\Users\dmk16\Desktop\favicon.png
C:\Users\dmk16\AppData\Roaming\Microsoft\Windows\Recent\File System Threat Hunting for kennesaw State Uni.lnk,2018-01-30 18:39:33.918234,2018-01-30 18:39:33.918234,2018-01-27 16:08:22,1149232,Local volume,Fixed (Hard Disk),1cbd9382,,C:\Users\dmk16\Documents\School\Spring 2018\File System Threat Hunting for kennesaw State Uni.pptx
C:\Users\dmk16\AppData\Roaming\Microsoft\Windows\Recent\GeneralJournal.lnk,,,,0,Local volume,Fixed (Hard Disk),1cbd9382,,C:\Users\dmk16\Documents\GitHub\LegibleAccounting\client\src\components\GeneralJournal.js
C:\Users\dmk16\AppData\Roaming\Microsoft\Windows\Recent\GetUserName.lnk,,,,0,Local volume,Fixed (Hard Disk),1cbd9382,,C:\Users\dmk16\source\repos\Shellbags_Parser\Shellbags_Parser\GetUserName.py
C:\Users\dmk16\AppData\Roaming\Microsoft\Windows\Recent\JumpListParser-master (2).lnk,2018-01-31 10:54:41.187849,2018-01-31 10:54:41.187849,2018-01-31 10:58:31.212908,4096,Local volume,Fixed (Hard Disk),1cbd9382,,C:\Users\dmk16\Documents\GitHub\Capstone_Project\JumpListParser-master
C:\Users\dmk16\AppData\Roaming\Microsoft\Windows\Recent\JumpListParser-master.lnk,2018-01-31 10:54:23.906498,2018-01-31 10:54:23.906498,2018-01-31 10:54:24.279699,7930,Local volume,Fixed (Hard Disk),1cbd9382,,C:\Users\dmk16\Downloads\JumpListParser-master.zip
C:\Users\dmk16\AppData\Roaming\Microsoft\Windows\Recent\JumpListParser.lnk,2015-10-08 04:01:20,2015-10-08 04:01:20,2018-01-31 10:58:31.207329,36875,Local volume,Fixed (Hard Disk),1cbd9382,,C:\Users\dmk16\Documents\GitHub\Capstone_Project\JumpListParser-master\JumpListParser.py
C:\Users\dmk16\AppData\Roaming\Microsoft\Windows\Recent\JumpListParserTest.lnk,2018-03-04 11:21:30.299791,2018-03-04 11:21:30.299791,2018-03-04 11:21:30.383266,4096,Local volume,Fixed (Hard Disk),1cbd9382,,C:\Users\dmk16\Documents\GitHub\Capstone_Project\JumpListParserTest
C:\Users\dmk16\AppData\Roaming\Microsoft\Windows\Recent\JumpListParserTest.sln.lnk,2018-03-04 11:21:30.302790,2018-03-04 11:21:30.302790,2018-03-04 11:21:30.302790,989,Local volume,Fixed (Hard Disk),1cbd9382,,C:\Users\dmk16\Documents\GitHub\Capstone_Project\JumpListParserTest\JumpListParserTest.sln
C:\Users\dmk16\AppData\Roaming\Microsoft\Windows\Recent\known_guids.lnk,,,,0,Local volume,Fixed (Hard Disk),1cbd9382,,C:\Users\dmk16\source\repos\PythonApplication3\known_guids.py
C:\Users\dmk16\AppData\Roaming\Microsoft\Windows\Recent\LegibleAccounting.lnk,2018-02-14 19:19:53.507494,2018-02-14 19:19:53.507494,2018-02-14 19:41:24.166052,4096,Local volume,Fixed (Hard Disk),1cbd9382,,C:\Users\dmk16\Documents\GitHub\LegibleAccounting
C:\Users\dmk16\AppData\Roaming\Microsoft\Windows\Recent\LinkFiles.lnk,2018-03-04 11:35:39.038042,2018-03-04 11:35:39.038042,2018-03-04 11:36:07.214169,91,Local volume,Fixed (Hard Disk),1cbd9382,,C:\Users\dmk16\Documents\GitHub\Capstone_Project\JumpListParserTest\JumpListParserTest\26e07dcb0912b99a\LinkFiles.csv
C:\Users\dmk16\AppData\Roaming\Microsoft\Windows\Recent\lnk-parse-1.0.lnk,2016-01-09 01:55:10,2016-01-09 01:55:10,2018-02-09 17:45:56.004572,16288,Local volume,Fixed (Hard Disk),1cbd9382,,C:\Users\dmk16\Desktop\lnk-parse-1.0.pl
C:\Users\dmk16\AppData\Roaming\Microsoft\Windows\Recent\LNKData.lnk,2018-03-10 12:33:35.234543,2018-03-10 12:33:35.234543,2018-03-10 13:19:39.536604,31642,Local volume,Fixed (Hard Disk),1cbd9382,,C:\Users\dmk16\Documents\GitHub\Capstone_Project\LNK_Inspector\PythonApplication2\LNKData.csv
C:\Users\dmk16\AppData\Roaming\Microsoft\Windows\Recent\LNK_File_Parser.sln.lnk,2018-03-10 12:33:35.231443,2018-03-10 12:33:35.231443,2018-03-10 12:33:35.231443,979,Local volume,Fixed (Hard Disk),1cbd9382,,C:\Users\dmk16\Documents\GitHub\Capstone_Project\LNK_Inspector\LNK_File_Parser.sln
C:\Users\dmk16\AppData\Roaming\Microsoft\Windows\Recent\LNK_Inspector.lnk,2018-03-10 12:33:35.229042,2018-03-10 12:33:35.229042,2018-03-10 12:33:35.232536,4096,Local volume,Fixed (Hard Disk),1cbd9382,,C:\Users\dmk16\Documents\GitHub\Capstone_Project\LNK_Inspector
C:\Users\dmk16\AppData\Roaming\Microsoft\Windows\Recent\lnk_the_windows_shortcut_file_format.lnk,,,,0,Local volume,Fixed (Hard Disk),1cbd9382,,C:\Users\dmk16\Documents\School\Spring 2018\lnk_the_windows_shortcut_file_format.pdf
C:\Users\dmk16\AppData\Roaming\Microsoft\Windows\Recent\MFT_Grabber.lnk,2018-01-28 08:20:54.759851,2018-01-28 08:20:54.759851,2018-01-28 21:10:53.213533,5619,Local volume,Fixed (Hard Disk),1cbd9382,,C:\Users\dmk16\source\repos\PythonApplication1\PythonApplication1\MFT_Grabber.py
C:\Users\dmk16\AppData\Roaming\Microsoft\Windows\Recent\MFT_Grabber_Parser.sln.lnk,2018-01-28 08:20:53.051151,2018-01-28 08:20:53.051151,2018-01-28 08:21:00.785559,989,Local volume,Fixed (Hard Disk),1cbd9382,,C:\Users\dmk16\source\repos\PythonApplication1\MFT_Grabber_Parser.sln
C:\Users\dmk16\AppData\Roaming\Microsoft\Windows\Recent\Microsoft Office & Visio Keys.lnk,2018-01-27 18:26:47.010000,2018-01-27 18:26:47.010000,2018-01-27 17:34:58,118,Local volume,Removable (Floppy-Zip-USB-etc.),0c0b0346,,E:\Backup\Downloads\Microsoft Office & Visio Keys.txt
C:\Users\dmk16\AppData\Roaming\Microsoft\Windows\Recent\Misc.lnk,2018-01-30 18:39:04.726721,2018-01-30 18:39:04.726721,2018-01-30 18:39:31.750813,4096,Local volume,Fixed (Hard Disk),1cbd9382,,C:\Users\dmk16\Documents\School\Misc
C:\Users\dmk16\AppData\Roaming\Microsoft\Windows\Recent\Mortgage (2).lnk,2018-03-01 22:37:09.334435,2018-03-01 22:37:09.334435,2018-03-03 10:41:40.982857,4096,Local volume,Fixed (Hard Disk),1cbd9382,,C:\Users\dmk16\Documents\Mortgage
C:\Users\dmk16\AppData\Roaming\Microsoft\Windows\Recent\Mortgage.lnk,2018-03-01 22:37:09.334435,2018-03-01 22:37:09.334435,2018-03-01 22:58:10.836702,0,Local volume,Fixed (Hard Disk),1cbd9382,,C:\Users\dmk16\Documents\Mortgage
C:\Users\dmk16\AppData\Roaming\Microsoft\Windows\Recent\Mortgage_Application_Documents.lnk,2018-03-01 22:37:28.206472,2018-03-01 22:37:28.206472,2018-03-01 22:37:28.657497,9907104,Local volume,Fixed (Hard Disk),1cbd9382,,C:\Users\dmk16\Documents\Mortgage\Mortgage_Application_Documents.pdf
C:\Users\dmk16\AppData\Roaming\Microsoft\Windows\Recent\myScript.js.lnk,2018-02-14 16:54:07.891569,2018-02-14 16:54:07.891569,2018-02-14 16:54:07.891569,0,Local volume,Fixed (Hard Disk),1cbd9382,,C:\Users\dmk16\Desktop\myScript.js.txt
C:\Users\dmk16\AppData\Roaming\Microsoft\Windows\Recent\myStyle.lnk,2018-02-14 16:16:51.115507,2018-02-14 16:16:51.115507,2018-02-14 16:19:27.548475,57,Local volume,Fixed (Hard Disk),1cbd9382,,C:\Users\dmk16\Desktop\myStyle.css
C:\Users\dmk16\AppData\Roaming\Microsoft\Windows\Recent\New Microsoft Excel Worksheet.lnk,2018-02-21 16:49:49.073313,2018-02-21 16:49:49.073313,2018-02-21 16:49:49.246206,6169,Local volume,Fixed (Hard Disk),1cbd9382,,C:\Users\dmk16\Desktop\New Microsoft Excel Worksheet.xlsx
C:\Users\dmk16\AppData\Roaming\Microsoft\Windows\Recent\New Text Document.lnk,2018-02-21 16:49:58.717493,2018-02-21 16:49:58.717493,2018-02-21 16:49:58.717493,0,Local volume,Fixed (Hard Disk),1cbd9382,,C:\Users\dmk16\Desktop\New Text Document.txt
C:\Users\dmk16\AppData\Roaming\Microsoft\Windows\Recent\Obtaining Your 1098-T.lnk,2018-02-01 06:03:37.771887,2018-02-01 06:03:37.771887,2018-02-01 06:03:38.236387,13770,Local volume,Fixed (Hard Disk),1cbd9382,,C:\Users\dmk16\Downloads\Obtaining Your 1098-T.docx
C:\Users\dmk16\AppData\Roaming\Microsoft\Windows\Recent\olefile-master.lnk,2018-03-04 11:32:07.601185,2018-03-04 11:32:07.601185,2018-03-04 11:32:08.228090,113350,Local volume,Fixed (Hard Disk),1cbd9382,,C:\Users\dmk16\Downloads\olefile-master.zip
C:\Users\dmk16\AppData\Roaming\Microsoft\Windows\Recent\payment history for David and Sarah Klein.lnk,2018-03-08 19:53:22.036976,2018-03-08 19:53:22.036976,2018-03-08 19:53:22.330532,90381,Local volume,Fixed (Hard Disk),1cbd9382,,C:\Users\dmk16\Downloads\payment history for David and Sarah Klein.pdf
C:\Users\dmk16\AppData\Roaming\Microsoft\Windows\Recent\Pictures.lnk,2015-12-19 03:06:57.910000,2015-12-19 03:06:57.910000,2015-12-19 03:06:58,0,Local volume,Removable (Floppy-Zip-USB-etc.),0c0b0346,,E:\Backup\Pictures
C:\Users\dmk16\AppData\Roaming\Microsoft\Windows\Recent\Pre-Approval_Documents_NEED_Physical_Signature (2).lnk,,,,0,Local volume,Fixed (Hard Disk),1cbd9382,,C:\Users\dmk16\Documents\Mortgage\Pre-Approval_Documents_NEED_Physical_Signature.pdf
C:\Users\dmk16\AppData\Roaming\Microsoft\Windows\Recent\Pre-Approval_Documents_NEED_Physical_Signature.lnk,,,,0,Local volume,Fixed (Hard Disk),1cbd9382,,C:\Users\dmk16\Documents\Mortgage\Pre-Approval_Documents_NEED_Physical_Signature.asp
C:\Users\dmk16\AppData\Roaming\Microsoft\Windows\Recent\PrefetchTest1.lnk,2018-01-31 19:28:27.135534,2018-01-31 19:28:27.135534,2018-01-31 19:28:27.152748,4096,Local volume,Fixed (Hard Disk),1cbd9382,,C:\Users\dmk16\Documents\GitHub\Capstone_Project\PrefetchTest1
C:\Users\dmk16\AppData\Roaming\Microsoft\Windows\Recent\PrefetchTest1.sln.lnk,2018-01-31 19:28:27.145901,2018-01-31 19:28:27.145901,2018-01-31 19:28:27.151461,974,Local volume,Fixed (Hard Disk),1cbd9382,,C:\Users\dmk16\Documents\GitHub\Capstone_Project\PrefetchTest1\PrefetchTest1.sln
C:\Users\dmk16\AppData\Roaming\Microsoft\Windows\Recent\pyJumpListTest.lnk,,,,0,Local volume,Fixed (Hard Disk),1cbd9382,,C:\Users\dmk16\Desktop\pyJumpListTest.py
C:\Users\dmk16\AppData\Roaming\Microsoft\Windows\Recent\pylnker-master (2).lnk,2018-01-31 10:43:37.804607,2018-01-31 10:43:37.804607,2018-02-09 17:37:17.902229,4096,Local volume,Fixed (Hard Disk),1cbd9382,,C:\Users\dmk16\Desktop\pylnker-master
C:\Users\dmk16\AppData\Roaming\Microsoft\Windows\Recent\pylnker-master.lnk,2018-01-31 10:43:18.689880,2018-01-31 10:43:18.689880,2018-01-31 10:43:19.150270,11394,Local volume,Fixed (Hard Disk),1cbd9382,,C:\Users\dmk16\Downloads\pylnker-master.zip
C:\Users\dmk16\AppData\Roaming\Microsoft\Windows\Recent\pylnker.lnk,2017-04-26 19:11:30,2017-04-26 19:11:30,2018-02-11 00:25:51.595995,12938,Local volume,Fixed (Hard Disk),1cbd9382,,C:\Users\dmk16\Documents\GitHub\Capstone_Project\pylnker.py
C:\Users\dmk16\AppData\Roaming\Microsoft\Windows\Recent\python-registry-master.lnk,2018-02-24 12:31:55.201942,2018-02-24 12:31:55.201942,2018-02-24 12:32:01.040533,11352153,Local volume,Fixed (Hard Disk),1cbd9382,,C:\Users\dmk16\Downloads\python-registry-master.zip
C:\Users\dmk16\AppData\Roaming\Microsoft\Windows\Recent\PythonApplication.lnk,2018-03-03 19:33:22.737173,2018-03-03 19:33:22.737173,2018-03-03 19:33:22.737173,0,Local volume,Fixed (Hard Disk),1cbd9382,,C:\Users\dmk16\source\repos\PythonApplication
C:\Users\dmk16\AppData\Roaming\Microsoft\Windows\Recent\PythonApplication1 (2).lnk,2018-01-28 08:20:54.759851,2018-01-28 08:20:54.759851,2018-01-28 08:25:24.432238,129,Local volume,Fixed (Hard Disk),1cbd9382,,C:\Users\dmk16\source\repos\PythonApplication1\PythonApplication1\PythonApplication1.py
C:\Users\dmk16\AppData\Roaming\Microsoft\Windows\Recent\PythonApplication1.lnk,2018-01-28 08:20:51.005960,2018-01-28 08:20:51.005960,2018-01-28 21:10:53.220533,4096,Local volume,Fixed (Hard Disk),1cbd9382,,C:\Users\dmk16\source\repos\PythonApplication1\PythonApplication1
C:\Users\dmk16\AppData\Roaming\Microsoft\Windows\Recent\PythonApplication1.sln.lnk,2018-01-28 08:20:53.051151,2018-01-28 08:20:53.051151,2018-01-28 08:21:00.785559,989,Local volume,Fixed (Hard Disk),1cbd9382,,C:\Users\dmk16\source\repos\PythonApplication1\PythonApplication1.sln
C:\Users\dmk16\AppData\Roaming\Microsoft\Windows\Recent\PythonApplication2 (2).lnk,2018-03-10 12:33:35.231443,2018-03-10 12:33:35.231443,2018-03-10 13:19:36.669256,4096,Local volume,Fixed (Hard Disk),1cbd9382,,C:\Users\dmk16\Documents\GitHub\Capstone_Project\LNK_Inspector\PythonApplication2
C:\Users\dmk16\AppData\Roaming\Microsoft\Windows\Recent\PythonApplication2.lnk,2018-02-12 18:58:26.595148,2018-02-12 18:58:26.595148,2018-02-24 16:47:12.449390,13043,Local volume,Fixed (Hard Disk),1cbd9382,,C:\Users\dmk16\source\repos\PythonApplication2\PythonApplication2.py
C:\Users\dmk16\AppData\Roaming\Microsoft\Windows\Recent\PythonApplication3.lnk,2018-02-21 19:09:13.500284,2018-02-21 19:09:13.500284,2018-02-23 17:21:07.053946,4096,Local volume,Fixed (Hard Disk),1cbd9382,,C:\Users\dmk16\source\repos\PythonApplication3
C:\Users\dmk16\AppData\Roaming\Microsoft\Windows\Recent\PythonApplication3.sln.lnk,2018-02-21 19:09:13.663347,2018-02-21 19:09:13.663347,2018-02-21 19:09:16.126892,989,Local volume,Fixed (Hard Disk),1cbd9382,,C:\Users\dmk16\source\repos\PythonApplication3\PythonApplication3.sln
C:\Users\dmk16\AppData\Roaming\Microsoft\Windows\Recent\PythonApplication4.lnk,2018-03-06 17:22:55.639526,2018-03-06 17:22:55.639526,2018-03-06 17:24:01.577055,4096,Local volume,Fixed (Hard Disk),1cbd9382,,C:\Users\dmk16\Documents\GitHub\Capstone_Project\Trash_Inspector\PythonApplication4
C:\Users\dmk16\AppData\Roaming\Microsoft\Windows\Recent\PythonApplication4.sln.lnk,2018-02-24 11:53:10.222191,2018-02-24 11:53:10.222191,2018-02-24 14:54:49.717819,995,Local volume,Fixed (Hard Disk),1cbd9382,,C:\Users\dmk16\source\repos\PythonApplication4\PythonApplication4.sln
C:\Users\dmk16\AppData\Roaming\Microsoft\Windows\Recent\README.lnk,2018-03-04 11:21:30.383266,2018-03-04 11:21:30.383266,2018-03-04 11:21:30.383266,312,Local volume,Fixed (Hard Disk),1cbd9382,,C:\Users\dmk16\Documents\GitHub\Capstone_Project\JumpListParserTest\README.md
C:\Users\dmk16\AppData\Roaming\Microsoft\Windows\Recent\Rent Check - April 2017.lnk,,,,0,Local volume,Fixed (Hard Disk),1cbd9382,,C:\Users\dmk16\Desktop\Rent Check - April 2017.jpg
C:\Users\dmk16\AppData\Roaming\Microsoft\Windows\Recent\Rent Check 4-2017.lnk,2018-03-08 19:20:54.644342,2018-03-08 19:20:54.644342,2018-03-08 19:20:55.090277,19718,Local volume,Fixed (Hard Disk),1cbd9382,,C:\Users\dmk16\Desktop\Rent Check 4-2017.jpg
C:\Users\dmk16\AppData\Roaming\Microsoft\Windows\Recent\Rent Check- April 2017.lnk,,,,0,Local volume,Fixed (Hard Disk),1cbd9382,,C:\Users\dmk16\Desktop\Rent Check- April 2017.pdf
C:\Users\dmk16\AppData\Roaming\Microsoft\Windows\Recent\Rent Check- August 2017.lnk,,,,0,Local volume,Fixed (Hard Disk),1cbd9382,,C:\Users\dmk16\Desktop\Rent Check- August 2017.jpg
C:\Users\dmk16\AppData\Roaming\Microsoft\Windows\Recent\Rent Check- December 2017.lnk,,,,0,Local volume,Fixed (Hard Disk),1cbd9382,,C:\Users\dmk16\Desktop\Rent Check- December 2017.jpg
C:\Users\dmk16\AppData\Roaming\Microsoft\Windows\Recent\Rent Check- February 2017.lnk,,,,0,Local volume,Fixed (Hard Disk),1cbd9382,,C:\Users\dmk16\Desktop\Rent Check- February 2017.jpg
C:\Users\dmk16\AppData\Roaming\Microsoft\Windows\Recent\Rent Check- January 2017.lnk,,,,0,Local volume,Fixed (Hard Disk),1cbd9382,,C:\Users\dmk16\Desktop\Rent Check- January 2017.jpg
C:\Users\dmk16\AppData\Roaming\Microsoft\Windows\Recent\Rent Check- July 2017.lnk,,,,0,Local volume,Fixed (Hard Disk),1cbd9382,,C:\Users\dmk16\Desktop\Rent Check- July 2017.jpg
C:\Users\dmk16\AppData\Roaming\Microsoft\Windows\Recent\Rent Check- June 2017.lnk,,,,0,Local volume,Fixed (Hard Disk),1cbd9382,,C:\Users\dmk16\Desktop\Rent Check- June 2017.jpg
C:\Users\dmk16\AppData\Roaming\Microsoft\Windows\Recent\Rent Check- May 2017.lnk,,,,0,Local volume,Fixed (Hard Disk),1cbd9382,,C:\Users\dmk16\Desktop\Rent Check- May 2017.jpg
C:\Users\dmk16\AppData\Roaming\Microsoft\Windows\Recent\Rent Check- November 2017.lnk,,,,0,Local volume,Fixed (Hard Disk),1cbd9382,,C:\Users\dmk16\Desktop\Rent Check- November 2017.jpg
C:\Users\dmk16\AppData\Roaming\Microsoft\Windows\Recent\Rent Check- October 2017.lnk,,,,0,Local volume,Fixed (Hard Disk),1cbd9382,,C:\Users\dmk16\Desktop\Rent Check- October 2017.jpg
C:\Users\dmk16\AppData\Roaming\Microsoft\Windows\Recent\Rent Check- September 2017.lnk,,,,0,Local volume,Fixed (Hard Disk),1cbd9382,,C:\Users\dmk16\Desktop\Rent Check- September 2017.jpg
C:\Users\dmk16\AppData\Roaming\Microsoft\Windows\Recent\repos.lnk,2018-01-27 22:05:50.386473,2018-01-27 22:05:50.386473,2018-03-03 19:33:55.996716,4096,Local volume,Fixed (Hard Disk),1cbd9382,,C:\Users\dmk16\source\repos
C:\Users\dmk16\AppData\Roaming\Microsoft\Windows\Recent\SAD Lecture Notes 01-09-2018.lnk,2018-01-30 18:39:33.950459,2018-01-30 18:39:33.950459,2018-01-09 19:46:40,13703,Local volume,Fixed (Hard Disk),1cbd9382,,C:\Users\dmk16\Documents\School\Spring 2018\SAD Lecture Notes 01-09-2018.docx
C:\Users\dmk16\AppData\Roaming\Microsoft\Windows\Recent\SAD Lecture Notes 01-11-2018.lnk,2018-01-30 18:39:33.964685,2018-01-30 18:39:33.964685,2018-01-11 19:32:26,14971,Local volume,Fixed (Hard Disk),1cbd9382,,C:\Users\dmk16\Documents\School\Spring 2018\SAD Lecture Notes 01-11-2018.docx
C:\Users\dmk16\AppData\Roaming\Microsoft\Windows\Recent\SAD Lecture Notes 01-23-2018.lnk,2018-01-30 18:39:33.975042,2018-01-30 18:39:33.975042,2018-01-23 19:38:08,15285,Local volume,Fixed (Hard Disk),1cbd9382,,C:\Users\dmk16\Documents\School\Spring 2018\SAD Lecture Notes 01-23-2018.docx
C:\Users\dmk16\AppData\Roaming\Microsoft\Windows\Recent\SAD Lecture Notes 01-25-2018.lnk,2018-01-30 18:39:33.989979,2018-01-30 18:39:33.989979,2018-01-25 19:31:40,14700,Local volume,Fixed (Hard Disk),1cbd9382,,C:\Users\dmk16\Documents\School\Spring 2018\SAD Lecture Notes 01-25-2018.docx
C:\Users\dmk16\AppData\Roaming\Microsoft\Windows\Recent\SAD Lecture Notes 01-30-2018.lnk,2018-01-30 18:42:20.261965,2018-01-30 18:42:20.261965,2018-01-30 19:40:59.354219,13997,Local volume,Fixed (Hard Disk),1cbd9382,,C:\Users\dmk16\Documents\School\Spring 2018\SAD Lecture Notes 01-30-2018.docx
C:\Users\dmk16\AppData\Roaming\Microsoft\Windows\Recent\Sample - Klein.lnk,2018-02-14 16:06:50.326242,2018-02-14 16:06:50.326242,2018-02-14 16:08:51.965076,220,Local volume,Fixed (Hard Disk),1cbd9382,,C:\Users\dmk16\Desktop\Sample - Klein.html
C:\Users\dmk16\AppData\Roaming\Microsoft\Windows\Recent\Sample Project Plan.lnk,2018-02-03 18:05:18.336731,2018-02-03 18:05:18.336731,2018-02-03 18:05:18.800200,141824,Local volume,Fixed (Hard Disk),1cbd9382,,C:\Users\dmk16\Downloads\Sample Project Plan.doc
C:\Users\dmk16\AppData\Roaming\Microsoft\Windows\Recent\SarahKlein_Paystub_02-16-2018.lnk,2018-03-01 22:13:33.908875,2018-03-01 22:13:33.908875,2018-03-01 22:13:34.116714,55762,Local volume,Fixed (Hard Disk),1cbd9382,,C:\Users\dmk16\Desktop\SarahKlein_Paystub_02-16-2018.pdf
C:\Users\dmk16\AppData\Roaming\Microsoft\Windows\Recent\SarahKlein_Paystub_03-2-2018.lnk,2018-03-01 22:08:12.077810,2018-03-01 22:08:12.077810,2018-03-01 22:08:12.380396,55416,Local volume,Fixed (Hard Disk),1cbd9382,,C:\Users\dmk16\Desktop\SarahKlein_Paystub_03-2-2018.pdf
C:\Users\dmk16\AppData\Roaming\Microsoft\Windows\Recent\Sarah_W2_2016.lnk,2018-03-01 22:07:01.097910,2018-03-01 22:07:01.097910,2018-03-01 21:53:38,808954,Local volume,Fixed (Hard Disk),1cbd9382,,C:\Users\dmk16\Desktop\Sarah_W2_2016.pdf
C:\Users\dmk16\AppData\Roaming\Microsoft\Windows\Recent\Sarah_W2_2017.lnk,2018-03-01 22:07:01.119299,2018-03-01 22:07:01.119299,2018-03-01 21:56:10,471671,Local volume,Fixed (Hard Disk),1cbd9382,,C:\Users\dmk16\Desktop\Sarah_W2_2017.pdf
C:\Users\dmk16\AppData\Roaming\Microsoft\Windows\Recent\shell.lnk,,,,0,Local volume,Fixed (Hard Disk),1cbd9382,,C:\Users\dmk16\Documents\GitHub\LegibleAccounting\client\utils\shell.sh
C:\Users\dmk16\AppData\Roaming\Microsoft\Windows\Recent\Shellbags_Parser (2).lnk,2018-02-27 18:21:45.584362,2018-02-27 18:21:45.584362,2018-03-03 16:45:16.990311,2676,Local volume,Fixed (Hard Disk),1cbd9382,,C:\Users\dmk16\source\repos\Shellbags_Parser\Shellbags_Parser\Shellbags_Parser.py
C:\Users\dmk16\AppData\Roaming\Microsoft\Windows\Recent\Shellbags_Parser.lnk,2018-02-27 18:21:44.794752,2018-02-27 18:21:44.794752,2018-03-03 16:45:16.997299,4096,Local volume,Fixed (Hard Disk),1cbd9382,,C:\Users\dmk16\source\repos\Shellbags_Parser\Shellbags_Parser
C:\Users\dmk16\AppData\Roaming\Microsoft\Windows\Recent\Shellbags_Parser.sln.lnk,2018-02-27 18:21:44.933311,2018-02-27 18:21:44.933311,2018-02-27 18:21:47.092907,983,Local volume,Fixed (Hard Disk),1cbd9382,,C:\Users\dmk16\source\repos\Shellbags_Parser\Shellbags_Parser.sln
C:\Users\dmk16\AppData\Roaming\Microsoft\Windows\Recent\ShellItems.lnk,,,,0,Local volume,Fixed (Hard Disk),1cbd9382,,C:\Users\dmk16\source\repos\PythonApplication3\PythonApplication3\ShellItems.py
C:\Users\dmk16\AppData\Roaming\Microsoft\Windows\Recent\source-archive.lnk,2018-02-09 17:43:40.763813,2018-02-09 17:43:40.763813,2018-02-09 17:43:46.833050,3354513,Local volume,Fixed (Hard Disk),1cbd9382,,C:\Users\dmk16\Downloads\source-archive.zip
C:\Users\dmk16\AppData\Roaming\Microsoft\Windows\Recent\source.lnk,2018-01-27 22:05:50.385729,2018-01-27 22:05:50.385729,2018-01-27 22:05:50.386473,0,Local volume,Fixed (Hard Disk),1cbd9382,,C:\Users\dmk16\source
C:\Users\dmk16\AppData\Roaming\Microsoft\Windows\Recent\Specific Instructions for Form 1098-T.lnk,2018-02-01 06:03:55.538155,2018-02-01 06:03:55.538155,2018-02-01 06:03:55.895727,14843,Local volume,Fixed (Hard Disk),1cbd9382,,C:\Users\dmk16\Downloads\Specific Instructions for Form 1098-T.docx
C:\Users\dmk16\AppData\Roaming\Microsoft\Windows\Recent\Spring 2018.lnk,2018-01-30 18:39:33.864225,2018-01-30 18:39:33.864225,2018-02-16 17:22:25.413679,4096,Local volume,Fixed (Hard Disk),1cbd9382,,C:\Users\dmk16\Documents\School\Spring 2018
C:\Users\dmk16\AppData\Roaming\Microsoft\Windows\Recent\Submitted Docs.lnk,2018-03-01 22:53:07.506746,2018-03-01 22:53:07.506746,2018-03-01 22:53:07.506746,0,Local volume,Fixed (Hard Disk),1cbd9382,,C:\Users\dmk16\Documents\Mortgage\Submitted Docs
C:\Users\dmk16\AppData\Roaming\Microsoft\Windows\Recent\summit_archive_1492184337.lnk,,,,0,Local volume,Fixed (Hard Disk),1cbd9382,,C:\Users\dmk16\Desktop\summit_archive_1492184337.pdf
C:\Users\dmk16\AppData\Roaming\Microsoft\Windows\Recent\Test.lnk,2018-01-28 21:49:03.238834,2018-01-28 21:49:03.238834,2018-01-28 21:50:28.775663,56,Local volume,Fixed (Hard Disk),1cbd9382,,C:\Users\dmk16\Desktop\Test.py
C:\Users\dmk16\AppData\Roaming\Microsoft\Windows\Recent\testOutFile.lnk,2018-02-24 15:55:37.664158,2018-02-24 15:55:37.664158,2018-02-24 16:10:26.200804,129,Local volume,Fixed (Hard Disk),1cbd9382,,C:\Users\dmk16\Desktop\testOutFile.txt
C:\Users\dmk16\AppData\Roaming\Microsoft\Windows\Recent\trashData.lnk,2018-03-10 11:33:52.959673,2018-03-10 11:33:52.959673,2018-03-10 11:43:25.002689,24,Local volume,Fixed (Hard Disk),1cbd9382,,C:\Users\dmk16\Desktop\trashData.csv
C:\Users\dmk16\AppData\Roaming\Microsoft\Windows\Recent\trashFile.lnk,2018-03-03 19:00:03.302917,2018-03-03 19:00:03.302917,2018-03-03 19:06:45.712885,1442,Local volume,Fixed (Hard Disk),1cbd9382,,C:\Users\dmk16\source\repos\PythonApplication4\PythonApplication4\trashFile.csv
C:\Users\dmk16\AppData\Roaming\Microsoft\Windows\Recent\Trash_Inspector.lnk,2018-03-06 18:40:08.285625,2018-03-06 18:40:08.285625,2018-03-06 18:40:08.301250,4096,Local volume,Fixed (Hard Disk),1cbd9382,,C:\Users\dmk16\Documents\GitHub\Capstone_Project\Trash_Inspector
C:\Users\dmk16\AppData\Roaming\Microsoft\Windows\Recent\utils.lnk,2018-02-14 19:19:55.972528,2018-02-14 19:19:55.972528,2018-02-27 03:53:28.740911,0,Local volume,Fixed (Hard Disk),1cbd9382,,C:\Users\dmk16\Documents\GitHub\LegibleAccounting\client\utils
C:\Users\dmk16\AppData\Roaming\Microsoft\Windows\Recent\WindowsTrashInspector.sln.lnk,2018-03-06 18:40:08.301250,2018-03-06 18:40:08.301250,2018-03-06 18:40:08.301250,995,Local volume,Fixed (Hard Disk),1cbd9382,,C:\Users\dmk16\Documents\GitHub\Capstone_Project\Trash_Inspector\WindowsTrashInspector.sln
C:\Users\dmk16\AppData\Roaming\Microsoft\Windows\Recent\WTI_main.lnk,2018-02-24 11:53:10.387108,2018-02-24 11:53:10.387108,2018-02-25 21:38:26.425465,3430,Local volume,Fixed (Hard Disk),1cbd9382,,C:\Users\dmk16\source\repos\PythonApplication4\PythonApplication4\WTI_main.py
